Sentence_1,Sentence_2
ಮಾಲ್ ದಾಳಿಕೋರರು 'ಕಡಿಮೆ ಹೆಚ್ಚು' ತಂತ್ರವನ್ನು ಬಳಸಿದ್ದಾರೆ,"ಕೀನ್ಯಾದಲ್ಲಿ, ಆಕ್ರಮಣಕಾರರು 'ಕಡಿಮೆ ಹೆಚ್ಚು' ತಂತ್ರವನ್ನು ಬಳಸಿದರು"
ಕಾಂಬೋಡಿಯಾದ ಕಾರ್ಮಿಕರ ಸಾವಿನ ಸ್ಮರಣಾರ್ಥ ವಿರೋಧ ಪಕ್ಷದ ನಾಯಕರು ಹೊರಹೊಮ್ಮುತ್ತಾರೆ,ಕಾಂಬೋಡಿಯಾ ವಿರೋಧ ಪಕ್ಷದ ನಾಯಕರನ್ನು ನ್ಯಾಯಾಲಯಕ್ಕೆ ಕರೆಸಲಾಯಿತು
ದುರ್ಬಲ ಗಳಿಕೆಯು ಷೇರುಗಳನ್ನು ಕಡಿಮೆಗೊಳಿಸುತ್ತದೆ,ದುರ್ಬಲ ಗಳಿಕೆಯಿಂದಾಗಿ ವಾಲ್ ಸ್ಟ್ರೀಟ್ ಷೇರುಗಳು ಕಡಿಮೆಯಾಗಿದೆ
ಸೊಲೊಮನ್ ದ್ವೀಪದಲ್ಲಿ 6.8 ಭೂಕಂಪ ಸಂಭವಿಸಿದೆ,ಸೊಲೊಮನ್ ದ್ವೀಪದಲ್ಲಿ 6.3 ತೀವ್ರತೆಯ ಭೂಕಂಪ ಸಂಭವಿಸಿದೆ
ಶಾಂಘೈನಲ್ಲಿ ದ್ರವ ಅಮೋನಿಯಾ ಸೋರಿಕೆ 15 ಸಾವು,ದ್ರವ ಅಮೋನಿಯಾ ಸೋರಿಕೆ ಶಾಂಘೈನಲ್ಲಿ ಕನಿಷ್ಠ 15 ಮಂದಿಯನ್ನು ಕೊಲ್ಲುತ್ತದೆ
ಸಿರಿಯಾದ ಸ್ನೇಹಿತರು ವಿರೋಧ ಒಕ್ಕೂಟವನ್ನು ಸಿರಿಯನ್ ಜನರ ಕಾನೂನುಬದ್ಧ ಪ್ರತಿನಿಧಿಯಾಗಿ ಗುರುತಿಸುತ್ತಾರೆ,ಸಿರಿಯಾದ ಸ್ನೇಹಿತರು ವಿರೋಧವನ್ನು ಏಕೈಕ ಪ್ರತಿನಿಧಿಯಾಗಿ ಗುರುತಿಸುತ್ತಾರೆ
ಭಾರತೀಯ ಮಾಧ್ಯಮ: ಕಾಮನ್‌ವೆಲ್ತ್ ಶೃಂಗಸಭೆ,ಕಾಮನ್‌ವೆಲ್ತ್ ಶೃಂಗಸಭೆಯನ್ನು ತಿರಸ್ಕರಿಸಿದ ಭಾರತೀಯ ಪ್ರಧಾನಿ
ರಷ್ಯಾ ವಿಮಾನ ದುರಂತದಲ್ಲಿ ಸಾವಿನ ಸಂಖ್ಯೆ ಏರಿಕೆಯಾಗಿದೆ,ಇಟಲಿ ಕೋಚ್ ಅಪಘಾತದಲ್ಲಿ ಸಾವಿನ ಸಂಖ್ಯೆ 39 ಕ್ಕೆ ಏರಿಕೆಯಾಗಿದೆ
ಮನೆ ತಂಗಿ' ಹಗರಣದಲ್ಲಿ 7 ಮಂದಿ ಬಂಧನ,"""ಮನೆ ಸಹೋದರಿ"" ಹಗರಣಕ್ಕಾಗಿ ಚೀನಾ 7 ಜನರನ್ನು ಬಂಧಿಸಿದೆ"
ಇರಾಕ್‌ನಲ್ಲಿ ಆತ್ಮಹತ್ಯಾ ಬಾಂಬರ್ ಅಂತ್ಯಕ್ರಿಯೆಯ ಮೇಲೆ ದಾಳಿ,ಸಿರಿಯಾದಲ್ಲಿ ಆತ್ಮಹತ್ಯಾ ಬಾಂಬರ್ ದಾಳಿ
ಬೋಯಿಂಗ್ 787 ಡ್ರೀಮ್‌ಲೈನರ್‌ಗೆ ಬೆಂಕಿ ಹತ್ತಿಕೊಂಡಿತು; ಸ್ಟಾಕ್ ಹೊಡೆತವನ್ನು ತೆಗೆದುಕೊಳ್ಳುತ್ತದೆ,787 ಡ್ರೀಮ್‌ಲೈನರ್‌ನಲ್ಲಿ ಬೆಂಕಿಯ ನಂತರ ಬೋಯಿಂಗ್ ಸ್ಟಾಕ್ ಉರುಳುತ್ತದೆ
ಸಿರಿಯಾ ಮಿಲಿಟರಿ ಪೊಲೀಸ್ ಮುಖ್ಯಸ್ಥರು ವಿರೋಧಕ್ಕೆ ಪಕ್ಷಾಂತರ,ಸಿರಿಯಾ ಮಿಲಿಟರಿ ಪೊಲೀಸ್ ಮುಖ್ಯಸ್ಥರು ಬಂಡುಕೋರರಿಗೆ ಪಕ್ಷಾಂತರ
ಬೆಲ್ಜಿಯಂ ಕೋಚ್ ಅಪಘಾತದಲ್ಲಿ ಐವರು ಸಾವು,ಬೆಲ್ಜಿಯಂ ಬಸ್ ಅಪಘಾತದಲ್ಲಿ ಹದಿಹರೆಯದವರು ಸೇರಿದಂತೆ 5 ಮಂದಿ ಸಾವನ್ನಪ್ಪಿದ್ದಾರೆ
ನೈಜೀರಿಯಾದಲ್ಲಿ ಬಂದೂಕುಧಾರಿಗಳು ಏಳು ವಿದೇಶಿ ಕಾರ್ಮಿಕರನ್ನು ಅಪಹರಿಸಿದ್ದಾರೆ,ನೈಜೀರಿಯಾದಲ್ಲಿ ಏಳು ವಿದೇಶಿ ಕಾರ್ಮಿಕರನ್ನು ಅಪಹರಿಸಲಾಗಿದೆ
ಇಸ್ರೇಲ್ ವಿಮಾನಗಳು ಸಿರಿಯಾದೊಳಗೆ ದಾಳಿ ಮಾಡುತ್ತವೆ,ಇಸ್ರೇಲ್ ಸಿರಿಯಾದ ಮೇಲೆ ವೈಮಾನಿಕ ದಾಳಿ ನಡೆಸಿತು
ಪಶ್ಚಿಮ ದಂಡೆಯಲ್ಲಿ ಇಸ್ರೇಲಿ ಪಡೆಗಳೊಂದಿಗೆ ಪ್ಯಾಲೆಸ್ತೀನಿಯರು ಘರ್ಷಣೆ ನಡೆಸಿದರು,ಪಶ್ಚಿಮ ದಂಡೆಯಲ್ಲಿ ಭದ್ರತಾ ಪಡೆಗಳೊಂದಿಗೆ ಜೆರುಸಲೆಮ್ ಪ್ಯಾಲೆಸ್ಟೀನಿಯಾದ ಘರ್ಷಣೆ
ಹೊಸ ದರ್ಫುರ್ ಬುಡಕಟ್ಟು ಘರ್ಷಣೆಯಲ್ಲಿ 10 ಮಂದಿ ಸಾವನ್ನಪ್ಪಿದರು,ನ್ಯೂ ಡಾರ್ಫರ್ ಬುಡಕಟ್ಟು ಘರ್ಷಣೆಯಲ್ಲಿ 9 ಮಂದಿ ಸತ್ತರು
ಇರಾನಿಯನ್ನರು ಅಧ್ಯಕ್ಷೀಯ ಚುನಾವಣೆಯಲ್ಲಿ ಮತ ಚಲಾಯಿಸುತ್ತಾರೆ,ಮಾಲಿ ಅಧ್ಯಕ್ಷೀಯ ಚುನಾವಣೆಯಲ್ಲಿ ಕೀಟಾ ಗೆದ್ದಿದ್ದಾರೆ
ಪಾಕಿಸ್ತಾನದಲ್ಲಿ ಬಸ್ ಅಪಘಾತದಲ್ಲಿ 12 ಮಂದಿ ಸಾವು,ಪಾಕಿಸ್ತಾನದಲ್ಲಿ ರಸ್ತೆ ಅಪಘಾತದಲ್ಲಿ 10 ಮಂದಿ ಸಾವು
ಪಾಕಿಸ್ತಾನದಲ್ಲಿ ಯುಎಸ್ ಡ್ರೋನ್ ದಾಳಿಯ ವಿರುದ್ಧ ಪ್ರತಿಭಟನೆಯನ್ನು ಮುಂದೂಡಲಾಗಿದೆ,ಪಾಕಿಸ್ತಾನದಲ್ಲಿ ಅಮೆರಿಕದ ಡ್ರೋನ್ ದಾಳಿಗೆ 6 ಮಂದಿ ಬಲಿ
ಮಾರಣಾಂತಿಕ ಬಾಂಗ್ಲಾದೇಶ ಕಟ್ಟಡ ಕುಸಿತದ ನಂತರ 8 ಮಂದಿಯನ್ನು ಬಂಧಿಸಲಾಗಿದೆ,"ಬಾಂಗ್ಲಾದೇಶ ಕಟ್ಟಡಗಳ ಸಂಖ್ಯೆ 352 ಕ್ಕೆ ಏರಿದ್ದು, ನಾಲ್ವರನ್ನು ಬಂಧಿಸಲಾಗಿದೆ"
ಅಫ್ಘಾನಿಸ್ತಾನದ ಯುಎಸ್ ನೆಲೆಯಲ್ಲಿ ಆತ್ಮಾಹುತಿ ಬಾಂಬರ್ 3 ಸಾವು,ಅಫ್ಘಾನಿಸ್ತಾನದಲ್ಲಿ ಅಮೆರಿಕದ ನೆಲೆಯ ಮೇಲೆ ಆತ್ಮಹತ್ಯಾ ಬಾಂಬರ್‌ಗಳು ದಾಳಿ ನಡೆಸಿದ್ದಾರೆ
"ಅಫ್ಘಾನಿಸ್ತಾನದವರು ಕಾಲೇಜುಗಳಿಗೆ ಸೇರುತ್ತಾರೆ, ತಾಲಿಬಾನ್‌ಗಳು ಸಹ",ಅಫ್ಘಾನ್ ಜಿಲ್ಲಾ ಗವರ್ನರ್ ತಾಲಿಬಾನ್‌ಗೆ ಪಕ್ಷಾಂತರ
ಉತ್ತರ ಪಾಕಿಸ್ತಾನದಲ್ಲಿ ಬಂದೂಕುಧಾರಿಗಳು 10 ವಿದೇಶಿ ಪ್ರವಾಸಿಗರನ್ನು ಕೊಂದಿದ್ದಾರೆ,ಪಾಕಿಸ್ತಾನದಲ್ಲಿ ಬಂದೂಕುಧಾರಿಗಳು 11 ವಿದೇಶಿ ಪರ್ವತಾರೋಹಿಗಳನ್ನು ಕೊಂದಿದ್ದಾರೆ
"ಆಪಲ್ ಆದಾಯವು ಮತ್ತೆ ತಪ್ಪುತ್ತದೆ, ಐಫೋನ್ ನಿರಾಶೆಗೊಳಿಸುತ್ತದೆ","ಸ್ಯಾಮ್‌ಸಂಗ್‌ಗಾಗಿ ವ್ಯಾಪಾರ ಸಂಸ್ಥೆ ನಿಯಮಗಳು,  ಐಫೋನ್ ಆಮದುಗಳನ್ನು ನಿಷೇಧಿಸುತ್ತದೆ"
ಮ್ಯಾಟ್ ಸ್ಮಿತ್ 4 ವರ್ಷಗಳ ನಂತರ ಡಾಕ್ಟರ್ ಹೂವನ್ನು ತೊರೆಯಲಿದ್ದಾರೆ,ಮ್ಯಾಟ್ ಸ್ಮಿತ್ ಡಾಕ್ಟರ್ ಹೂವನ್ನು ತೊರೆದರು
ಡೇವಿಡ್ ಬೆಕ್‌ಹ್ಯಾಮ್ ಸಾಕರ್‌ನಿಂದ ನಿವೃತ್ತಿ ಘೋಷಿಸಿದರು,ಡೇವಿಡ್ ಬೆಕ್‌ಹ್ಯಾಮ್ ಫುಟ್‌ಬಾಲ್‌ನಿಂದ ನಿವೃತ್ತರಾದರು
ಇರಾಕ್ ಕಾರ್ ಬಾಂಬ್ ದಾಳಿಯಲ್ಲಿ 23 ಮಂದಿ ಸಾವನ್ನಪ್ಪಿದ್ದಾರೆ,ಇರಾಕ್ ಬಾಂಬ್ ದಾಳಿಯಲ್ಲಿ 10 ಮಂದಿ ಸಾವನ್ನಪ್ಪಿದ್ದಾರೆ
ನ್ಯಾಷನಲ್ ಮಾಲ್‌ನಲ್ಲಿ ಬೆಂಕಿ ಹಚ್ಚಿಕೊಂಡ ವ್ಯಕ್ತಿ ಗಾಯಗಳಿಂದ ಸಾವನ್ನಪ್ಪಿದ್ದಾನೆ,ನ್ಯಾಷನಲ್ ಮಾಲ್‌ನಲ್ಲಿ ತನ್ನನ್ನು ತಾನೇ ಬೆಂಕಿ ಹಚ್ಚಿಕೊಂಡ ವ್ಯಕ್ತಿ ಸಾವನ್ನಪ್ಪಿದ್ದಾನೆ
ಅಫ್ಘಾನಿಸ್ತಾನದಲ್ಲಿ ತಾಲಿಬಾನ್ ದಾಳಿಯಲ್ಲಿ 17 ನಾಗರಿಕರು ಸಾವನ್ನಪ್ಪಿದ್ದಾರೆ,ಅಫ್ಘಾನಿಸ್ತಾನದಲ್ಲಿ ಸರಣಿ ದಾಳಿಯಲ್ಲಿ 10 ಪೊಲೀಸರು ಸಾವನ್ನಪ್ಪಿದ್ದಾರೆ
ಟೆಕ್ಸಾಸ್ ನಿವಾಸಿಗಳು ಮಾರಣಾಂತಿಕ ಸ್ಫೋಟದ ನಂತರ ಚರ್ಚ್‌ನಲ್ಲಿ ಗುಣಪಡಿಸಲು ಬಯಸುತ್ತಾರೆ,ನಿವಾಸಿಗಳು ಟೆಕ್ಸಾಸ್ ಸ್ಫೋಟದ ಸ್ಥಳಕ್ಕೆ ಹಿಂತಿರುಗುತ್ತಾರೆ
ಈಜಿಪ್ಟ್ ಮಂತ್ರಿ ಹತ್ಯೆಯ ಪ್ರಯತ್ನದಿಂದ ಬದುಕುಳಿದರು,ಹತ್ಯೆ ಯತ್ನದಲ್ಲಿ ಸಿರಿಯಾದ ಪ್ರಧಾನಿ ಬದುಕುಳಿದಿದ್ದಾರೆ
ಮಾಜಿ ಪ್ರಥಮ ಮಹಿಳೆ ಬಾರ್ಬರಾ ಬುಷ್ ಟೆಕ್ಸಾಸ್ ಆಸ್ಪತ್ರೆಯನ್ನು ತೊರೆದರು,ಮಾಜಿ ಪ್ರಥಮ ಮಹಿಳೆ ಬಾರ್ಬರಾ ಬುಷ್ ಆಸ್ಪತ್ರೆಯನ್ನು ತೊರೆದರು
ಜಪಾನ್ ಪ್ರಧಾನಿಯಾಗಿ ಶಿಂಜೊ ಅಬೆ ಆಯ್ಕೆ,ಶಿಂಜೋ ಅಬೆ ಜಪಾನ್‌ನ ಪ್ರಧಾನ ಮಂತ್ರಿ
ಸ್ಕೀ ಅಪಘಾತದ ನಂತರ ಕೋಮಾದಲ್ಲಿ ಶುಮಾಕರ್,ಸ್ಕೀಯಿಂಗ್ ಅಪಘಾತದ ನಂತರ ಮೈಕೆಲ್ ಶುಮಾಕರ್ ಇನ್ನೂ ಕೋಮಾದಲ್ಲಿ ಜೀವಕ್ಕಾಗಿ ಹೋರಾಡುತ್ತಿದ್ದಾರೆ
ಬಾಂಗ್ಲಾದೇಶದಲ್ಲಿ ಜಮಾತ್ ನಾಯಕನ ಗಲ್ಲಿಗೇರಿಸಿದ ಘರ್ಷಣೆಯಲ್ಲಿ 2 ಸಾವು,ಬಾಂಗ್ಲಾದೇಶದ ಇಸ್ಲಾಮಿ ನಾಯಕನನ್ನು ಗಲ್ಲಿಗೇರಿಸಲಾಯಿತು
ಮಾಲಿ ಅಧ್ಯಕ್ಷರ ಮತಕ್ಕೆ ಕಾರಣ,ಅಧ್ಯಕ್ಷೀಯ ಓಟದ ನಂತರ ಮಾಲಿ ಮತಗಳನ್ನು ಎಣಿಸುತ್ತಾರೆ
ಚೀನಾ ಪೊಲೀಸ್ ಠಾಣೆಯ ದಾಳಿಯಲ್ಲಿ 11 ಮಂದಿ ಸಾವನ್ನಪ್ಪಿದ್ದಾರೆ,ಚೀನಾ ಪೊಲೀಸ್ ಠಾಣೆಯ ಮೇಲೆ ನಡೆದ ದಾಳಿಯಲ್ಲಿ 11 ಮಂದಿ ಸಾವನ್ನಪ್ಪಿದ್ದಾರೆ
"ರಷ್ಯಾದಲ್ಲಿ ಬೋಯಿಂಗ್ ವಿಮಾನ ಪತನ, 50 ಸಾವು",ರಷ್ಯಾದ ಕಜಾನ್ ನಗರದಲ್ಲಿ ಬೋಯಿಂಗ್ ವಿಮಾನ ಪತನ; 50 ಮಂದಿ ಸಾವನ್ನಪ್ಪಿದ್ದಾರೆ
ಬ್ರಾಡ್ಲಿ ಕೂಪರ್ ಮತ್ತು ಜೆಜೆ ಅಬ್ರಾಮ್ಸ್ ಲ್ಯಾನ್ಸ್ ಆರ್ಮ್‌ಸ್ಟ್ರಾಂಗ್ ಬಯೋಪಿಕ್ ಚಿತ್ರೀಕರಣದ ಕುರಿತು ಮಾತುಕತೆ ನಡೆಸುತ್ತಿದ್ದಾರೆ,ಬ್ರಾಡ್ಲಿ ಕೂಪರ್ ಬಯೋಪಿಕ್‌ನಲ್ಲಿ ಲ್ಯಾನ್ಸ್ ಆರ್ಮ್‌ಸ್ಟ್ರಾಂಗ್ ಆಗಿ ನಟಿಸಲು ಮಾತುಕತೆ ನಡೆಸುತ್ತಿದ್ದಾರೆ
ಬ್ಲೂಮ್‌ಬರ್ಗ್ ಉತ್ತರಾಧಿಕಾರಿಯಾಗಿ ಡೆ ಬ್ಲಾಸಿಯೊ ನ್ಯೂಯಾರ್ಕ್ ಮೇಯರ್ ಆಗಿ ಪ್ರಮಾಣ ವಚನ ಸ್ವೀಕರಿಸಿದರು,ಬಿಲ್ ಡೆ ಬ್ಲಾಸಿಯೊ ಅವರು ಮೈಕೆಲ್ ಬ್ಲೂಮ್‌ಬರ್ಗ್ ಅವರ ಉತ್ತರಾಧಿಕಾರಿಯಾಗಿ ನ್ಯೂಯಾರ್ಕ್ ಮೇಯರ್ ಆಗಿ ಪ್ರಮಾಣ ವಚನ ಸ್ವೀಕರಿಸಿದರು
ಸಾರ್ವತ್ರಿಕ ಚುನಾವಣೆಯನ್ನು ಬಹಿಷ್ಕರಿಸಲು ಥಾಯ್ ವಿರೋಧ ಪಕ್ಷ,ಥಾಯ್ ವಿರೋಧ ಪಕ್ಷವು ಚುನಾವಣಾ ಬಹಿಷ್ಕಾರವನ್ನು ಘೋಷಿಸಿತು
ಬಾಂಗ್ಲಾದೇಶದಲ್ಲಿ ಕಟ್ಟಡ ಕುಸಿತ: ಸಾವಿನ ಸಂಖ್ಯೆ 540ಕ್ಕೆ ತಲುಪಿದೆ,ಬಾಂಗ್ಲಾದೇಶ ಕಟ್ಟಡ ಕುಸಿದು ಸಾವಿನ ಸಂಖ್ಯೆ 500 ದಾಟಿದೆ
ಪುಸ್ಸಿ ರಾಯಿಟ್ ಸದಸ್ಯ ಅಲ್ಯೋಖಿನಾ ರಷ್ಯಾದಲ್ಲಿ ಜೈಲಿನಿಂದ ಬಿಡುಗಡೆಯಾದರು,ಪುಸಿ ರಾಯಿಟ್ ಸದಸ್ಯೆ ಮಾರಿಯಾ ಅಲಿಯೋಖಿನಾ ಜೈಲಿನಿಂದ ಬಿಡುಗಡೆಗೊಂಡರು
"ಜಗನ್ ರೆಡ್ಡಿ ಆಸ್ಪತ್ರೆಗೆ ಶಿಫ್ಟ್, ಸೀಮಾಂಧ್ರದಲ್ಲಿ ವಿದ್ಯುತ್ ಬಿಕ್ಕಟ್ಟು ಮುಂದುವರೆದಿದೆ",ತೆಲಂಗಾಣ: ಆಸ್ಪತ್ರೆಯಲ್ಲಿ ಗುರುವಾರ ಕಳೆಯಲಿರುವ ಜಗನ್; ಸೀಮಾಂಧ್ರದಲ್ಲಿ ಕತ್ತಲು ಮುಂದುವರಿದಿದೆ
ಏಷಿಯಾನಾ ಜೆಟ್ ಕ್ರ್ಯಾಶ್ ಸ್ಯಾನ್ ಫ್ರಾನ್ಸಿಸ್ಕೋ ವಿಮಾನ ನಿಲ್ದಾಣದಲ್ಲಿ ಇಳಿಯಿತು,ಸ್ಯಾನ್ ಫ್ರಾನ್ಸಿಸ್ಕೋ ವಿಮಾನ ನಿಲ್ದಾಣದಲ್ಲಿ ವಿಮಾನ ಪತನ
ಮಧ್ಯ ಆಫ್ರಿಕನ್ ಗಣರಾಜ್ಯದ ಅಧ್ಯಕ್ಷರನ್ನು ಬಂಡುಕೋರರು ಪದಚ್ಯುತಗೊಳಿಸಿದರು,"ಸೆಂಟ್ರಲ್ ಆಫ್ರಿಕನ್ ರಿಪಬ್ಲಿಕ್ ಅಧ್ಯಕ್ಷ, ಪ್ರಧಾನ ಮಂತ್ರಿ ರಾಜೀನಾಮೆ"
ಮರಕಾನಾ ಪುನರಾರಂಭದಲ್ಲಿ ಬ್ರೆಜಿಲ್ ಇಂಗ್ಲೆಂಡ್ ವಿರುದ್ಧ 2-2 ಸಮಬಲ ಸಾಧಿಸಿತು,ಮರಕಾನಾ ಪುನರಾರಂಭದಲ್ಲಿ ಬ್ರೆಜಿಲ್ 2-2 ಗೋಲುಗಳಿಂದ ಇಂಗ್ಲೆಂಡ್ ವಶಪಡಿಸಿಕೊಂಡಿದೆ
ಯುಎಸ್ ಹೂಡಿಕೆ ಮಾತುಕತೆಗಳನ್ನು ಪುನರಾರಂಭಿಸಲು ಚೀನಾ,ಚೀನಾ ಮತ್ತು ತೈವಾನ್ ಐತಿಹಾಸಿಕ ಮಾತುಕತೆ ನಡೆಸುತ್ತವೆ
"ಮಂಡೇಲಾ ಆಸ್ಪತ್ರೆಗೆ ದಾಖಲಾಗಿದ್ದು, ಚಿಕಿತ್ಸೆಗೆ ಸ್ಪಂದಿಸಿದ್ದಾರೆ",ಮಾತು ನಿಲ್ಲಿಸಿದ ನಂತರ ಮಂಡೇಲಾ ಆಸ್ಪತ್ರೆಗೆ ದಾಖಲಾದರು
ಕಹಿ ವಲಸೆ ಚರ್ಚೆಯ ವಿರುದ್ಧ ಜಾರ್ಜ್ ಡಬ್ಲ್ಯೂ ಬುಷ್ ಎಚ್ಚರಿಸಿದ್ದಾರೆ,ಜಾರ್ಜ್ ಡಬ್ಲ್ಯೂ ಬುಷ್ ವಲಸೆ ಚರ್ಚೆಗೆ ತೂಗುತ್ತಾರೆ
ಬಾಂಗ್ಲಾದೇಶದ ನೂರಾರು ಬಟ್ಟೆ ಕಾರ್ಖಾನೆಯ ಕಾರ್ಮಿಕರು ಅಸ್ವಸ್ಥರಾಗಿದ್ದಾರೆ,ಬಾಂಗ್ಲಾದೇಶದ ಕಾರ್ಖಾನೆಯಲ್ಲಿ ನೂರಾರು ಮಂದಿ ಅಸ್ವಸ್ಥರಾಗಿದ್ದಾರೆ
ಉತ್ತರ ಕೊರಿಯಾದ ಪರಮಾಣು ಪರೀಕ್ಷೆಯನ್ನು ರಷ್ಯಾ ಖಂಡಿಸಿದೆ,ಉತ್ತರ ಕೊರಿಯಾ ವಿವಾದಾತ್ಮಕ ಮೂರನೇ ಪರಮಾಣು ಪರೀಕ್ಷೆ ನಡೆಸಿದೆ ಎಂದು ದಕ್ಷಿಣ ಕೊರಿಯಾ ಖಚಿತಪಡಿಸಿದೆ
ರಷ್ಯಾದ ಕಲ್ಲಿದ್ದಲು ಗಣಿ ಸ್ಫೋಟದಲ್ಲಿ 18 ಮಂದಿ ಸಿಕ್ಕಿಬಿದ್ದಿದ್ದಾರೆ,ರಷ್ಯಾದ ಕಲ್ಲಿದ್ದಲು ಗಣಿ ಸ್ಫೋಟದಲ್ಲಿ 10 ಮಂದಿ ಸಾವನ್ನಪ್ಪಿದ್ದಾರೆ
ಯೆಮೆನ್ ಆತ್ಮಾಹುತಿ ಬಾಂಬ್ ದಾಳಿ ಸೈನಿಕರನ್ನು ಕೊಲ್ಲುತ್ತದೆ,ರಷ್ಯಾದ ನಿಲ್ದಾಣದಲ್ಲಿ ಮಹಿಳಾ ಆತ್ಮಹತ್ಯಾ ಬಾಂಬರ್ 16 ಮಂದಿಯನ್ನು ಕೊಂದರು
ಇಸ್ರೇಲ್ ಸಿರಿಯಾ ಮೇಲೆ ವೈಮಾನಿಕ ದಾಳಿ ನಡೆಸುತ್ತಿದೆ,ಇಸ್ರೇಲ್ ಸಿರಿಯಾ ವಿರುದ್ಧ ಹೊಸ ವೈಮಾನಿಕ ದಾಳಿಯನ್ನು ಪ್ರಾರಂಭಿಸಿದೆ
ಥಾಯ್ ಪ್ರತಿಭಟನಾಕಾರರು ಸೇನಾ ಪ್ರಧಾನ ಕಚೇರಿಗೆ ನುಗ್ಗಿದರು,ಥಾಯ್ ಪ್ರತಿಭಟನಾಕಾರರು ಸೇನೆಯ ಪ್ರಧಾನ ಕಚೇರಿಗೆ ನುಗ್ಗಿದರು
"U.S. ಈಶಾನ್ಯಕ್ಕೆ ಹಿಮಪಾತವು ಆಗಮಿಸುತ್ತದೆ, ಐದು ಮಂದಿ ಸತ್ತರು, 700,000 ಜನರು ಶಕ್ತಿಯನ್ನು ಕಳೆದುಕೊಂಡರು","ಹಿಮಪಾತವು ಯುಎಸ್ ಈಶಾನ್ಯಕ್ಕೆ ಅಡ್ಡಿಪಡಿಸುತ್ತದೆ, ರಸ್ತೆಗಳನ್ನು ಮುಚ್ಚುತ್ತದೆ"
ಟುನಿಸ್‌ನಲ್ಲಿ ಪ್ರತಿಭಟನಾಕಾರರನ್ನು ಚದುರಿಸಲು ಪೊಲೀಸರು ಅಶ್ರುವಾಯು ಪ್ರಯೋಗಿಸಿದರು,ಕೈರೋದಲ್ಲಿ ಪ್ರತಿಭಟನಾಕಾರರ ಮೇಲೆ ಪೊಲೀಸರು ಅಶ್ರುವಾಯು ಪ್ರಯೋಗಿಸಿದರು
ಟೋಕಿಯೋ 2020 ರ ಒಲಂಪಿಕ್ ಕ್ರೀಡಾಕೂಟವನ್ನು ಆಯೋಜಿಸುತ್ತದೆ,2020 ರ ಟೋಕಿಯೊ ಒಲಿಂಪಿಕ್ಸ್‌ನಲ್ಲಿ ಕುಸ್ತಿಯನ್ನು ಪ್ರದರ್ಶಿಸಲಾಗುತ್ತದೆ
ಈಜಿಪ್ಟ್‌ನ ಪ್ರಮುಖ ವಿರೋಧವು ಅಧ್ಯಕ್ಷರ ಮಾತುಕತೆಯ ಕರೆಯನ್ನು ತಿರಸ್ಕರಿಸುತ್ತದೆ,ಈಜಿಪ್ಟ್ ವಿರೋಧವು ಮೊರ್ಸಿ ಸಂವಾದ ಕರೆಗೆ ಪ್ರತಿಕ್ರಿಯೆಯನ್ನು ನೀಡುತ್ತದೆ
ಮೇ ತಿಂಗಳಲ್ಲಿ ವಸತಿ 6.8% ರಷ್ಟು ಪ್ರಾರಂಭವಾಗುತ್ತದೆ,ಮೇ ವಸತಿ ಪ್ರಾರಂಭವಾಗುತ್ತದೆ 6.8%
ಚೀನಾ ಭೂಕಂಪದ ನಂತರ ಸುಮಾರು 100 ಮಂದಿ ಸತ್ತಿದ್ದಾರೆ ಅಥವಾ ಗಾಯಗೊಂಡಿದ್ದಾರೆ,ಚೀನಾ ಭೂಕಂಪದಲ್ಲಿ ನೂರಾರು ಮಂದಿ ಸತ್ತಿದ್ದಾರೆ ಅಥವಾ ಗಾಯಗೊಂಡಿದ್ದಾರೆ
ಕ್ಯೂಬಾದ ಕ್ಯಾಸ್ಟ್ರೋ CELAC ಅಧ್ಯಕ್ಷತೆಯನ್ನು ವಹಿಸಿಕೊಂಡರು,CELAC ಅಧ್ಯಕ್ಷ ಸ್ಥಾನವನ್ನು ಕ್ಯೂಬಾದ ಕ್ಯಾಸ್ಟ್ರೋ ವಹಿಸಿಕೊಳ್ಳಲಿದ್ದಾರೆ
ಮಾಲಿಯಲ್ಲಿ ಇಬ್ಬರು ಫ್ರೆಂಚ್ ಪತ್ರಕರ್ತರ ಹತ್ಯೆ,ಮಾಲಿಯಲ್ಲಿ 2 ಫ್ರೆಂಚ್ ಪತ್ರಕರ್ತರು ಕೊಲ್ಲಲ್ಪಟ್ಟರು
ನ್ಯೂಜಿಲೆಂಡ್‌ನಲ್ಲಿ 6.9 ತೀವ್ರತೆಯ ಭೂಕಂಪ,ಇರಾನ್ ನಲ್ಲಿ 5.6 ತೀವ್ರತೆಯ ಭೂಕಂಪ
ಕುಸಿದ ಜಪಾನ್ ಸುರಂಗದಲ್ಲಿ ವಾಹನಗಳು ಹೊತ್ತಿ ಉರಿದಿವೆ,ಜಪಾನ್ ಸುರಂಗದಿಂದ ಹೊಗೆ ಹೊರಸೂಸುವುದರಿಂದ ವಾಹನಗಳು 'ಉರಿಯುತ್ತವೆ'
ನೆಲ್ಸನ್ ಮಂಡೇಲಾ ಅವರನ್ನು ಆಸ್ಪತ್ರೆಗೆ ಕರೆದೊಯ್ಯಲಾಯಿತು,ನೆಲ್ಸನ್ ಮಂಡೇಲಾ ಆಸ್ಪತ್ರೆಯಿಂದ ಬಿಡುಗಡೆ
ಭಾರತದ ಕಟ್ಟಡ ಕುಸಿತದಲ್ಲಿ ಡಜನ್‌ಗಟ್ಟಲೆ ಜನರು ಸಿಲುಕಿರುವ ಆತಂಕವಿದೆ,ಭಾರತದ ಕಟ್ಟಡ ಕುಸಿತದಲ್ಲಿ ಇನ್ನೂ ಸಿಕ್ಕಿಬಿದ್ದ 20 ಮಂದಿಯನ್ನು ಪತ್ತೆ ಹಚ್ಚಲು ರಕ್ಷಕರು ಓಡುತ್ತಿದ್ದಾರೆ
ಆತ್ಮಹತ್ಯಾ ಬಾಂಬ್ ದಾಳಿಯ ನಂತರ ಇಸ್ಲಾಮಿಸ್ಟ್‌ಗಳು ಉತ್ತರ ಮಾಲಿ ನಗರದ ಮೇಲೆ ದಾಳಿ ಮಾಡಿದರು,ಇಸ್ಲಾಮಿಸ್ಟ್ಗಳು ಗಾವೊದಲ್ಲಿ ಮಾಲಿಯನ್ ಪಡೆಗಳ ಮೇಲೆ ದಾಳಿ ಮಾಡುತ್ತಾರೆ
ಡೈಲಿ ಪ್ರೆಸ್ ಬ್ರೀಫಿಂಗ್: ದಕ್ಷಿಣ ಸುಡಾನ್,ಡೈಲಿ ಪ್ರೆಸ್ ಬ್ರೀಫಿಂಗ್: ಸಿರಿಯಾ
ಬ್ರಿಟನ್ ಅಬು ಕತಾದನನ್ನು ಗಡೀಪಾರು ಮಾಡಲು ನಿರ್ಧರಿಸಿತು,ತೀವ್ರಗಾಮಿ ಧರ್ಮಗುರು ಅಬು ಕತಾಡಾ ಅವರನ್ನು ಗಡೀಪಾರು ಮಾಡುವ ಪ್ರಯತ್ನದಲ್ಲಿ ಬ್ರಿಟನ್ ಸೋತಿದೆ
ಐತಿಹಾಸಿಕ ಮತಕ್ಕಾಗಿ ಕಾರ್ಡಿನಲ್‌ಗಳು ವ್ಯಾಟಿಕನ್‌ಗೆ ಪ್ರವೇಶಿಸುತ್ತಾರೆ,ಪೋಪ್ ಅನ್ನು ಆಯ್ಕೆ ಮಾಡಲು ಕಾರ್ಡಿನಲ್ಸ್ ಸಿಸ್ಟೀನ್ ಚಾಪೆಲ್ ಅನ್ನು ಪ್ರವೇಶಿಸುತ್ತಾರೆ
ವೇಶ್ಯಾವಾಟಿಕೆಗೆ ಸಂಬಂಧಿಸಿದ ಕಾನೂನಿನ ಸುಧಾರಣೆಯನ್ನು ಫ್ರೆಂಚ್ ಸಂಸತ್ತು ಬೆಂಬಲಿಸುತ್ತದೆ,ಯುಎಸ್ ದತ್ತುಗಳ ಮೇಲಿನ ನಿಷೇಧವನ್ನು ಪರಿಗಣಿಸಲು ರಷ್ಯಾದ ಸಂಸತ್ತು
ಇಸ್ರೇಲಿ ಮಿಲಿಟರಿ ಉತ್ತರದ ಗಡಿಯ ಮೇಲೆ ಕೇಂದ್ರೀಕರಿಸುತ್ತದೆ,"ಈಜಿಪ್ಟ್‌ನ ಸೇನೆಯು ಮುಸ್ಲಿಂ ಬ್ರದರ್‌ಹುಡ್, ಬೆಂಬಲಿಗರ ಮೇಲೆ ಹಿಡಿತ ಸಾಧಿಸುತ್ತದೆ"
"ಬ್ಯಾಂಕಾಕ್‌ನಲ್ಲಿ ಥಾಯ್ಸ್ ಪ್ರತಿಭಟನೆಯನ್ನು ಮುಂದುವರೆಸುತ್ತಿರುವಾಗ ಹೊಡೆತಗಳು, ಸ್ಫೋಟಗಳು ಕೇಳಿಬಂದವು","ಗುಂಡೇಟುಗಳು, ಸ್ಫೋಟಗಳು ಥಾಯ್ ಪ್ರತಿಭಟನೆಯ ದಿನವನ್ನು ಚುನಾವಣೆಗೆ ಮುಂಚಿತವಾಗಿ ಅಲುಗಾಡಿಸುತ್ತವೆ"
AU ನಾಯಕರು ಆಫ್ರಿಕಾ ದಿನಾಚರಣೆಗಾಗಿ ಭೇಟಿಯಾಗುತ್ತಾರೆ,ಈಜಿಪ್ಟ್ ಯುವ ನಾಯಕ ನಾಲ್ಕು ದಿನಗಳ ಬಂಧನ
ಉತ್ತರ ಕೊರಿಯಾ ಕೇಸಾಂಗ್ ಪ್ರವೇಶವನ್ನು ನಿರ್ಬಂಧಿಸುತ್ತದೆ,ಪರಮಾಣು ಕೇಂದ್ರಗಳನ್ನು ಪುನರಾರಂಭಿಸಲು ಉತ್ತರ ಕೊರಿಯಾ ಪ್ರತಿಜ್ಞೆ ಮಾಡಿದೆ
"ಟೆಕ್ಸಾಸ್‌ನಲ್ಲಿ ವೇಗದ ಚಾಲನೆಗಾಗಿ ಝಿಮ್ಮರ್‌ಮ್ಯಾನ್ ನಿಲ್ಲಿಸಿದರು, ಎಚ್ಚರಿಕೆಯೊಂದಿಗೆ ಬಿಡುಗಡೆ ಮಾಡಿದರು",ಝಿಮ್ಮರ್‌ಮ್ಯಾನ್ ಟೆಕ್ಸಾಸ್‌ನಲ್ಲಿ ವೇಗದ ಚಾಲನೆಗಾಗಿ ಎಚ್ಚರಿಕೆಯನ್ನು ನೀಡಿದರು
US ಸೆನೆಟ್ ಹಣಕಾಸಿನ ಕ್ಲಿಫ್ ಒಪ್ಪಂದವನ್ನು ಅನುಮೋದಿಸುತ್ತದೆ,"""ಫಿಸ್ಕಲ್ ಕ್ಲಿಫ್"" ನಲ್ಲಿ ಒಪ್ಪಂದವನ್ನು ತಲುಪಿದೆ"
ಮಾರಣಾಂತಿಕ ಡಮಾಸ್ಕಸ್ ನರ ಅನಿಲ ದಾಳಿಯ ವರದಿಗಳನ್ನು ಸಿರಿಯಾ ನಿರಾಕರಿಸಿದೆ,ಇರಾನಿನ ಕಂಪ್ಯೂಟರ್ ದಾಳಿಯನ್ನು ಹಿಮ್ಮೆಟ್ಟಿಸಲು ಅಮೆರಿಕದ ಮಿತ್ರರಾಷ್ಟ್ರಗಳು ಸಹಾಯ ಪಡೆಯುತ್ತವೆ
ಆರ್ಥಿಕ ಸಭೆಯ ನಂತರ ಚೀನಾ ಷೇರುಗಳು ಹೆಚ್ಚಿನದನ್ನು ಮುಚ್ಚುತ್ತವೆ,ಚೀನಾ ಷೇರುಗಳು ಬುಧವಾರದಂದು ಹೆಚ್ಚಿನ ಮಟ್ಟದಲ್ಲಿ ಮುಚ್ಚುತ್ತವೆ
ಪೆಸಿಫಿಕ್‌ಗೆ $30 ಬಿಲಿಯನ್ ತೈಲ ಸಂಪರ್ಕವನ್ನು ರಷ್ಯಾ ಅನಾವರಣಗೊಳಿಸಿದೆ,ಪೆಸಿಫಿಕ್‌ಗೆ $25bn ತೈಲ ಸಂಪರ್ಕವನ್ನು ರಷ್ಯಾ ಅನಾವರಣಗೊಳಿಸಿದೆ
"ಪೊಲೀಸರು ಬಂದೂಕುಧಾರಿಯನ್ನು ಕೊಂದರು, ಕೊಲೊದಲ್ಲಿ ಇನ್ನೂ 3 ಮಂದಿ ಸತ್ತರು",ಯುಎಸ್ ಮನೆಯಲ್ಲಿ ಬಂದೂಕುಧಾರಿಯೊಂದಿಗೆ ಪೊಲೀಸ್ ಘರ್ಷಣೆಯ ನಂತರ 4 ಮಂದಿ ಸತ್ತರು
ಡೋಲ್ಸ್ ಮತ್ತು ಗಬ್ಬಾನಾ ತೆರಿಗೆ ವಂಚನೆಗೆ ಶಿಕ್ಷೆಗೊಳಗಾದವರು,ಇಟಾಲಿಯನ್ ತೆರಿಗೆ ಪ್ರಕರಣದಲ್ಲಿ ಡೋಲ್ಸ್ ಮತ್ತು ಗಬ್ಬಾನಾಗೆ ದಂಡ ವಿಧಿಸಲಾಗಿದೆ
ಪಾಕಿಸ್ತಾನದಲ್ಲಿ 7.2 ತೀವ್ರತೆಯ ಭೂಕಂಪ ಸಂಭವಿಸಿದೆ,ನೈಋತ್ಯ ಪಾಕಿಸ್ತಾನದಲ್ಲಿ 7.7 ತೀವ್ರತೆಯ ಭೂಕಂಪ
ಸಿರಿಯನ್ ರಾಸಾಯನಿಕ ಶಸ್ತ್ರಾಸ್ತ್ರಗಳ ಬಗ್ಗೆ ಯುಕೆ ಎಚ್ಚರಿಕೆ,ವೆಸ್ಟ್ ಸಿರಿಯಾ ರಾಸಾಯನಿಕ ಹಕ್ಕುಗಳ ಮೇಲೆ ಪಾಲನ್ನು ಎತ್ತುತ್ತದೆ
ಶುಕ್ರವಾರದಂದು ಚೀನಾ ಷೇರುಗಳು ಕೆಳಮಟ್ಟಕ್ಕೆ ಮುಚ್ಚಿದವು,ಚೀನಾ ಷೇರುಗಳು ಬುಧವಾರದಂದು ಹೆಚ್ಚಿನ ಮಟ್ಟದಲ್ಲಿ ಮುಚ್ಚುತ್ತವೆ
ಭೂಮಿ ಮತ್ತು ಉಪಗ್ರಹಗಳ ನಡುವೆ ಕ್ಷುದ್ರಗ್ರಹ ಜಿಪ್,ಕ್ಷುದ್ರಗ್ರಹವು ಭೂಮಿಯನ್ನು ಹಾರಾಡುತ್ತಾ ಹಾದುಹೋಗುತ್ತದೆ
ಮಾಲಿ ಟೌನ್‌ಗಾಗಿ ಹೋರಾಟವು ಇಸ್ಲಾಮಿಸ್ಟ್ ತಂತ್ರಗಳನ್ನು ಪ್ರತಿಬಿಂಬಿಸುತ್ತದೆ,ಉತ್ತರ ಇಸ್ಲಾಮಿ ಉಗ್ರಗಾಮಿಗಳ ವಿರುದ್ಧ ಹೋರಾಡಲು ಮಾಲಿ ಸೈನ್ಯಕ್ಕೆ ತರಬೇತಿ ನೀಡಲು ಯುರೋಪ್
ಈ ಕ್ರಿಸ್‌ಮಸ್‌ನಲ್ಲಿ ಇಬ್ಬರು ಸಾಂಟಾ ಟ್ರ್ಯಾಕರ್‌ಗಳು ಸ್ಪರ್ಧಿಸುತ್ತಿದ್ದಾರೆ,ಸ್ಪೇನ್ ಸಿಯೆಸ್ಟಾಸ್‌ನಲ್ಲಿ ಗಡಿಯಾರವನ್ನು ಹಿಂದಕ್ಕೆ ತಿರುಗಿಸುತ್ತದೆ
ಸಿರಿಯನ್ ರಾಸಾಯನಿಕ ಶಸ್ತ್ರಾಸ್ತ್ರಗಳ ಸಾಗಣೆಗಾಗಿ ಹಡಗುಗಳು ರೈಲು,"ಸಿರಿಯಾ ರಾಸಾಯನಿಕ ಶಸ್ತ್ರಾಸ್ತ್ರಗಳನ್ನು ಬಾಂಬ್‌ಗಳಲ್ಲಿ ಲೋಡ್ ಮಾಡುತ್ತದೆ, ಅಸ್ಸಾದ್ ಆದೇಶಕ್ಕಾಗಿ ಕಾಯುತ್ತಿದೆ"
ಟೆಕ್ಸಾಸ್ ರಸಗೊಬ್ಬರ ಘಟಕದ ಸ್ಫೋಟದಲ್ಲಿ 14 ಮಂದಿ ಸಾವನ್ನಪ್ಪಿದ್ದಾರೆ ಎಂದು ಮೇಯರ್ ಹೇಳಿದ್ದಾರೆ,ಟೆಕ್ಸಾಸ್ ರಸಗೊಬ್ಬರ ಸ್ಥಾವರ ಸ್ಫೋಟದಲ್ಲಿ ಬದುಕುಳಿದವರಿಗಾಗಿ ರಕ್ಷಕರು ಹುಡುಕುತ್ತಿದ್ದಾರೆ
"ಇರಾಕ್‌ನಲ್ಲಿ ನಡೆದ ದಾಳಿಯಲ್ಲಿ 2 ಮಂದಿ ಸಾವನ್ನಪ್ಪಿದ್ದಾರೆ, 11 ಮಂದಿ ಗಾಯಗೊಂಡಿದ್ದಾರೆ","ಇರಾಕ್‌ನಲ್ಲಿ ನಡೆದ ಹೊಸ ದಾಳಿಯಲ್ಲಿ 15 ಮಂದಿ ಸಾವನ್ನಪ್ಪಿದ್ದಾರೆ, 90 ಮಂದಿ ಗಾಯಗೊಂಡಿದ್ದಾರೆ"
ರಾಸಾಯನಿಕ ಶಸ್ತ್ರಾಸ್ತ್ರಗಳನ್ನು ಹಸ್ತಾಂತರಿಸಲು ಸಿರಿಯಾವನ್ನು ಯುಎಸ್ ನಂಬಬಹುದೇ?,ಸಿರಿಯಾ ರಾಸಾಯನಿಕ ಅಸ್ತ್ರಗಳಲ್ಲಿ ಸರಿನ್ ಅನಿಲವನ್ನು ಬಳಸಿರಬಹುದು ಎಂದು ಯುಎಸ್ ಹೇಳಿದೆ
ಮೆಕ್ಸಿಕನ್ ಗಾಯಕ ಜೆನ್ನಿ ರಿವೆರಾ ವಿಮಾನ ಅಪಘಾತದಲ್ಲಿ ಸಾವನ್ನಪ್ಪಿದ್ದಾರೆ ಎಂದು ನಂಬಲಾಗಿದೆ,ಮೆಕ್ಸಿಕನ್ ಸಂಗೀತ ತಾರೆ ಜೆನ್ನಿ ರಿವೆರಾ ವಿಮಾನ ಅಪಘಾತದಲ್ಲಿ ನಿಧನರಾದರು
ಬಾಂಗ್ಲಾದೇಶದ ನ್ಯಾಯಾಲಯವು ಯುದ್ಧ ಅಪರಾಧಕ್ಕಾಗಿ ಮೊದಲ ಶಾಸಕನಿಗೆ ಮರಣದಂಡನೆ ವಿಧಿಸಿತು,ಬ್ರಿಟಿಷ್ ಪ್ರಧಾನಿ ಶ್ರೀಲಂಕಾವನ್ನು ಯುದ್ಧಾಪರಾಧಗಳ ಮೇಲೆ ತಳ್ಳುತ್ತಾರೆ
ವಿವಾದಿತ ಚುನಾವಣೆಗಳಲ್ಲಿ ಮುಗಾಬೆ ವಿಜೇತ ಎಂದು ಘೋಷಿಸಿದರು,ವಿವಾದಿತ ಮತದಲ್ಲಿ ಮುಗಾಬೆ ವಿಜಯಿ ಎಂದು ಘೋಷಿಸಿದರು
ಇಂಡೋನೇಷ್ಯಾ ದೋಣಿ ಮುಳುಗಡೆಯಲ್ಲಿ ಸಾವಿನ ಸಂಖ್ಯೆ 15 ಕ್ಕೆ ಏರಿದೆ,ಇಂಡೋನೇಷ್ಯಾ: ಇಂಡೋನೇಷ್ಯಾ ದೋಣಿ ಮಗುಚಿ ದುರಂತದಲ್ಲಿ ಮೃತಪಟ್ಟವರ ಸಂಖ್ಯೆ 11ಕ್ಕೆ ಏರಿಕೆಯಾಗಿದೆ
ಈಜಿಪ್ಟ್ ನ್ಯಾಯಾಲಯವು ಮುಸ್ಲಿಂ ಬ್ರದರ್‌ಹುಡ್ ಅನ್ನು ನಿಷೇಧಿಸಿದೆ,ಮುಸ್ಲಿಂ ಬ್ರದರ್‌ಹುಡ್ ಚಟುವಟಿಕೆಗಳನ್ನು ನಿಷೇಧಿಸಿದ ಈಜಿಪ್ಟ್ ನ್ಯಾಯಾಲಯ
ಇರಾನ್ ಅಧ್ಯಕ್ಷೀಯ ಮತದಾನದಲ್ಲಿ ರೂಹಾನಿ ಮುನ್ನಡೆ - ಪ್ರಾಥಮಿಕ ಫಲಿತಾಂಶಗಳು,ಆರಂಭಿಕ ಇರಾನ್ ಎಣಿಕೆಯಲ್ಲಿ ರೂಹಾನಿ ಮುನ್ನಡೆ ಸಾಧಿಸಿದ್ದಾರೆ
"ಖೈದಿಗಳ ವಿನಿಮಯದ ಕುರಿತು ಇಸ್ರೇಲಿಗಳು, ಪ್ಯಾಲೆಸ್ಟೀನಿಯಾದವರು ಸಭೆ ನಡೆಸಿದರು",ಅಬ್ದುಲ್ ಪ್ರಕರಣದ ಆಂತರಿಕ ತನಿಖೆಗೆ ಇಸ್ರೇಲಿ ಶಾಸಕರು ಕರೆ ನೀಡಿದರು
ಬೆಲ್‌ಫಾಸ್ಟ್ ಧ್ವಜ ಪ್ರತಿಭಟನೆಯಲ್ಲಿ ಪೊಲೀಸರು ದಾಳಿ ನಡೆಸಿದರು,ಧ್ವಜ ಹಿಂಸಾಚಾರದ ಮಾತುಕತೆಯಲ್ಲಿ ರಾಜಕಾರಣಿಗಳು
ನೈಜೀರಿಯಾ ಪಾಲಿಮರ್ ನೋಟುಗಳನ್ನು ಹಂತ ಹಂತವಾಗಿ ತೆಗೆದುಹಾಕುವ ಯೋಜನೆಯನ್ನು ಪುನರುಚ್ಚರಿಸುತ್ತದೆ,ನೈಜೀರಿಯಾ ಪಾಲಿಮರ್ ನೈರಾ ನೋಟುಗಳನ್ನು ಬದಲಾಯಿಸುವ ಯೋಜನೆಯನ್ನು ಪ್ರಕಟಿಸಿದೆ
ದಕ್ಷಿಣ ಕೊರಿಯಾ ಕೆಸಾಂಗ್ ಕುರಿತು ಉತ್ತರ ಕೊರಿಯಾದ 'ಅಂತಿಮ' ಮಾತುಕತೆಗಳನ್ನು ಪ್ರಸ್ತಾಪಿಸುತ್ತದೆ,ಉತ್ತರ ಕೊರಿಯಾ ಯುಎಸ್ ಜೊತೆ ಉನ್ನತ ಮಟ್ಟದ ಮಾತುಕತೆಗಳನ್ನು ಪ್ರಸ್ತಾಪಿಸಿದೆ
ಪ್ಯಾಲೇಸ್ಟಿನಿಯನ್ ಕೈದಿಗಳ ಬಿಡುಗಡೆಯನ್ನು ಅನುಮೋದಿಸಲು ಕ್ಯಾಬಿನೆಟ್ ಅನ್ನು ಯಾಸಿಮೊವಿಚ್ ಒತ್ತಾಯಿಸಿದರು,104 ಪ್ಯಾಲೆಸ್ತೀನ್ ಕೈದಿಗಳನ್ನು ಬಿಡುಗಡೆ ಮಾಡಲು ಇಸ್ರೇಲ್ ಒಪ್ಪಿಗೆ ನೀಡಿದೆ
"ಬಂದೂಕುಧಾರಿಗಳು 9 ವಿದೇಶಿ ಪ್ರವಾಸಿಗರನ್ನು ಕೊಂದರು, ಒಬ್ಬ ಪಾಕಿಸ್ತಾನಿ",ಪಾಕಿಸ್ತಾನದಲ್ಲಿ ಬಂದೂಕುಧಾರಿಗಳು 11 ವಿದೇಶಿ ಪ್ರವಾಸಿಗರನ್ನು ಕೊಂದಿದ್ದಾರೆ
ಪ್ಯಾಲೇಸ್ಟಿನಿಯನ್ನರು ಮತ್ತೊಂದು ವೆಸ್ಟ್ ಬ್ಯಾಂಕ್ ಟೆಂಟ್ ಪ್ರತಿಭಟನೆಯನ್ನು ನಿರ್ಮಿಸುತ್ತಾರೆ,ಪ್ಯಾಲೆಸ್ಟೀನಿಯಾದ ಮೊದಲ ಮತವು ಸಾಂಕೇತಿಕ ಮತ್ತು ಐತಿಹಾಸಿಕವಾಗಿದೆ
ಮೊರ್ಸಿ ಪರ ಪ್ರತಿಭಟನೆಗೆ ಮುನ್ನ ಈಜಿಪ್ಟ್ ಭದ್ರತೆಯನ್ನು ಹೆಚ್ಚಿಸಿದೆ,ಈಜಿಪ್ಟ್ ಬೃಹತ್ ಪ್ರತಿಭಟನೆಗೆ ಮುಂದಾಗಿದೆ
ವಸಾಹತು ಯೋಜನೆಗಳ ಮೇಲೆ ಇಸ್ರೇಲಿ ರಾಯಭಾರಿಗಳನ್ನು ಕರೆಸಲಾಯಿತು,ವಸಾಹತುಗಳ ಕುರಿತು ಬ್ರಿಟನ್ ಇಸ್ರೇಲಿ ರಾಯಭಾರಿಯನ್ನು ಕರೆಸುತ್ತದೆ
NSA ಸೋರಿಕೆದಾರನ ವಿರುದ್ಧ ಬೇಹುಗಾರಿಕೆ ಆರೋಪವನ್ನು ಅಮೆರಿಕ ದಾಖಲಿಸಿದೆ,ಸೋರಿಕೆಗೆ ಸಂಬಂಧಿಸಿದಂತೆ ಸ್ನೋಡೆನ್ ವಿರುದ್ಧ ಅಮೆರಿಕ ಬೇಹುಗಾರಿಕೆ ಆರೋಪವನ್ನು ದಾಖಲಿಸಿದೆ
"ನೆವಾಡಾ ಮಿಡ್ಲ್ ಸ್ಕೂಲ್ ಗುಂಡಿನ ದಾಳಿಯಲ್ಲಿ 2 ಸಾವು, 2 ಮಂದಿ ಗಾಯಗೊಂಡರು","ನೆವಾಡಾ: ಮಿಡ್ಲ್ ಸ್ಕೂಲ್ ಶೂಟಿಂಗ್‌ನಲ್ಲಿ 2 ಸಾವು, 2 ಜನರಿಗೆ ಗಾಯ"
ಬಾಂಗ್ಲಾದೇಶ ಕಟ್ಟಡ ಕುಸಿದು ಸಾವಿನ ಸಂಖ್ಯೆ 362ಕ್ಕೆ ತಲುಪಿದೆ,ಬಾಂಗ್ಲಾದೇಶದ ಕಟ್ಟಡ ಕುಸಿತ ಸಾವಿನ ಸಂಖ್ಯೆ 580ಕ್ಕೆ ಏರಿಕೆಯಾಗಿದೆ
ಸ್ಟೇಟ್ ಆಫ್ ಯೂನಿಯನ್‌ನಲ್ಲಿ ಒಬಾಮಾ ಆರ್ಥಿಕತೆಯ ಮೇಲೆ ಕೇಂದ್ರೀಕರಿಸುತ್ತಾರೆ,ಒಬಾಮಾ ಅವರ ಸ್ಟೇಟ್ ಆಫ್ ದಿ ಯೂನಿಯನ್ ಭಾಷಣದಲ್ಲಿ ಏನು ನೋಡಬೇಕು ಎಂಬುದು ಇಲ್ಲಿದೆ
ಚೀನಾದ ಜನರಲ್ ಮಗನಿಗೆ ಅತ್ಯಾಚಾರ ಪ್ರಕರಣದಲ್ಲಿ 10 ವರ್ಷ ಜೈಲು ಶಿಕ್ಷೆ,ಚೀನಾದ ಜನರಲ್‌ನ ಮಗನಿಗೆ ಸಾಮೂಹಿಕ ಅತ್ಯಾಚಾರಕ್ಕಾಗಿ 10 ವರ್ಷಗಳ ಜೈಲು ಶಿಕ್ಷೆ
ಮೊರ್ಸಿ ಬೆಂಬಲಿಗರ ಮೇಲಿನ ಈಜಿಪ್ಟ್ ಶಿಸ್ತುಕ್ರಮಕ್ಕೆ ಇರಾಕ್ ಬೆಂಬಲ,ಮೊಹಮ್ಮದ್ ಮೊರ್ಸಿ ಬೆಂಬಲಿಗರ ಮೇಲೆ ಈಜಿಪ್ಟ್ ಶಿಸ್ತುಕ್ರಮವನ್ನು ಇರಾಕ್ ಬೆಂಬಲಿಸುತ್ತದೆ
NW ಪಾಕಿಸ್ತಾನದಲ್ಲಿ ಸಾಧಾರಣ ಭೂಕಂಪನವು,ದಕ್ಷಿಣ ಪಾಕಿಸ್ತಾನದಲ್ಲಿ ಸಾಧಾರಣ ಭೂಕಂಪ ಸಂಭವಿಸಿದೆ
ಕೊಸೊವೊ ಅಂಗಾಂಗ ಕಳ್ಳಸಾಗಣೆ ಪ್ರಕರಣದಲ್ಲಿ ಐವರಿಗೆ ಶಿಕ್ಷೆ,ಅಂಗಾಂಗ ಕಳ್ಳಸಾಗಣೆ ಪ್ರಕರಣದಲ್ಲಿ 3 ಮಂದಿಗೆ ಜೈಲು ಶಿಕ್ಷೆ
ಬಾಂಗ್ಲಾ ಪ್ರತಿಭಟನೆಯಲ್ಲಿ 32 ಮಂದಿ ಸಾವನ್ನಪ್ಪಿದ್ದಾರೆ,ಬಾಂಗ್ಲಾದೇಶದ ಪ್ರತಿಭಟನೆಯಲ್ಲಿ 30 ಮಂದಿ ಬಲಿ
ಫ್ಲೋರಿಡಾ ಅಪಾರ್ಟ್‌ಮೆಂಟ್‌ನಲ್ಲಿ ಗುಂಡಿನ ದಾಳಿ ನಡೆಸಿದ 7 ಮಂದಿಯಲ್ಲಿ ಗನ್‌ಮ್ಯಾನ್ ಮೃತಪಟ್ಟಿದ್ದಾರೆ,ಫ್ಲೋರಿಡಾ ಅಪಾರ್ಟ್‌ಮೆಂಟ್ ಶೂಟೌಟ್‌ನಲ್ಲಿ ಬಂದೂಕುಧಾರಿ ಸೇರಿದಂತೆ 7 ಮಂದಿ ಸಾವನ್ನಪ್ಪಿದ್ದಾರೆ
ಪ್ರತಿಭಟನೆಯ ನಡುವೆ ಉಕ್ರೇನ್ ಪ್ರಧಾನಿ ರಾಜೀನಾಮೆ,ಟರ್ಕಿಯ ಪ್ರಧಾನಿ ಪ್ರತಿಭಟನಾಕಾರರ ವಿರುದ್ಧ ಕಠಿಣ ನಿಲುವಿಗೆ ಮರಳುವ ಸೂಚನೆ ನೀಡಿದ್ದಾರೆ
ಇರಾಕ್‌ನಲ್ಲಿ ಬಾಂಬ್ ಸ್ಫೋಟದ ಅಲೆ 15 ಜನರನ್ನು ಕೊಂದಿತು,ಇರಾಕ್‌ನಲ್ಲಿ ಕಾರ್ ಬಾಂಬ್‌ಗಳು ಕನಿಷ್ಠ 49 ಜನರನ್ನು ಕೊಲ್ಲುತ್ತವೆ
ಗೂಗಲ್ ಇಂಟರ್ನೆಟ್-ಬೀಮಿಂಗ್ ಬಲೂನ್‌ಗಳನ್ನು ಬಿಡುಗಡೆ ಮಾಡಿದೆ,ಗೂಗಲ್ ಅಂತಾರಾಷ್ಟ್ರೀಯ ತೆರಿಗೆ ಆಟ ಆಡುತ್ತಿದೆ
ಶಸ್ತ್ರಾಸ್ತ್ರಗಳ ಮೇಲೆ ಉದ್ವಿಗ್ನತೆ ಹೆಚ್ಚಾಗುತ್ತಿದ್ದಂತೆ ಇಸ್ರೇಲ್ ಸಿರಿಯಾವನ್ನು ಹೊಡೆದಿದೆ,ಸಿರಿಯಾದ ಡೇರಾದಲ್ಲಿ ವಾಯುದಾಳಿಗಳು ನಾಗರಿಕರಿಗೆ ಗಾಯಗಳಾಗಿವೆ
ಅಮೆರಿಕದ ದತ್ತು ನಿಷೇಧಕ್ಕೆ ರಷ್ಯಾ ಆರಂಭಿಕ ಒಪ್ಪಿಗೆ ನೀಡುತ್ತದೆ,ರಷ್ಯಾ ದತ್ತು ನಿಷೇಧಕ್ಕೆ ಆರಂಭಿಕ ಅನುಮೋದನೆಯನ್ನು ನೀಡುತ್ತದೆ
ಸ್ಯಾನ್ ಫ್ರಾನ್ಸಿಸ್ಕೋ ವಿಮಾನವು ಒಂದು ನೋಟದಲ್ಲಿ ಅಪಘಾತಕ್ಕೀಡಾಗಿದೆ,"ಸ್ಯಾನ್ ಫ್ರಾನ್ಸಿಸ್ಕೋ ವಿಮಾನ ಅಪಘಾತದಲ್ಲಿ ಇಬ್ಬರು ಸಾವನ್ನಪ್ಪಿದ್ದಾರೆ, 181 ಮಂದಿ ಗಾಯಗೊಂಡಿದ್ದಾರೆ"
"ಹೃತಿಕ್ ರೋಷನ್, ಪತ್ನಿ ಸುಸಾನೆ ಬೇರೆಯಾದರು","ವಿಚ್ಛೇದನಕ್ಕೆ ಹೃತಿಕ್ ರೋಷನ್, ಸುಸಾನೆ"
ಕ್ರಿಸ್ಮಸ್ ಕ್ರೂಸ್ ಪ್ರಯಾಣಿಕರು ನೊರೊವೈರಸ್ನಿಂದ ಹೊಡೆದಿದ್ದಾರೆ,ನಾಪತ್ತೆಯಾದ ಕ್ರೂಸ್ ಪ್ರಯಾಣಿಕರೊಬ್ಬ ವ್ಯಕ್ತಿ
"ಆಘಾತಕಾರಿ ಚಲನೆಯಲ್ಲಿ, ಒಬಾಮಾ ಸಿರಿಯಾ ಮುಷ್ಕರವನ್ನು ತಡೆಹಿಡಿಯುತ್ತಾರೆ",ಒಬಾಮಾ ಸಿರಿಯಾ ದಾಳಿಯನ್ನು ತಡೆಹಿಡಿಯುತ್ತಾರೆ
ಸ್ನೋಡೆನ್ ರಷ್ಯಾದಲ್ಲಿ ಉಳಿಯಲು ಕೇಳುತ್ತಾನೆ,ಸ್ನೋಡೆನ್ ರಷ್ಯಾದ ಮೊದಲ ವೀಡಿಯೊವನ್ನು ಬಿಡುಗಡೆ ಮಾಡಿದರು
ವಾಯುವ್ಯ ಪಾಕಿಸ್ತಾನದಲ್ಲಿ ಬಂದೂಕುಧಾರಿಗಳು ಒಂಬತ್ತು ಜನರನ್ನು ಕೊಂದಿದ್ದಾರೆ,ವಾಯುವ್ಯ ಪಾಕಿಸ್ತಾನದಲ್ಲಿ ಉಗ್ರರು 6 ಯೋಧರನ್ನು ಹತ್ಯೆ ಮಾಡಿದ್ದಾರೆ
ಅನಾರೋಗ್ಯದಿಂದ ಬಳಲುತ್ತಿರುವ ನಡಾಲ್ ಆಸ್ಟ್ರೇಲಿಯನ್ ಓಪನ್‌ನಿಂದ ಹೊರಗುಳಿಯಲು ಹೊಟ್ಟೆಯ ದೋಷ ಕಾರಣವಾಗಿದೆ,ನಡಾಲ್‌ ಆಸ್ಟ್ರೇಲಿಯನ್‌ ಓಪನ್‌ನಿಂದ ಹೊರಗುಳಿಯಲಿದ್ದಾರೆ
ಮಾರಣಾಂತಿಕ ಬಾಂಗ್ಲಾದೇಶ ಕಟ್ಟಡ ಕುಸಿತದ ನಂತರ 8 ಮಂದಿಯನ್ನು ಬಂಧಿಸಲಾಗಿದೆ,ಬಾಂಗ್ಲಾದೇಶದ ಕಟ್ಟಡ ಕುಸಿತದ ನಂತರ ಕಾರ್ಮಿಕರು ಪ್ರತಿಭಟನೆ ನಡೆಸಿದರು
ಪ್ರತಿಭಟನಾಕಾರರ ವಿರುದ್ಧ ಥಾಯ್ ಪೊಲೀಸರು ಅಶ್ರುವಾಯು ಪ್ರಯೋಗಿಸಿದ್ದಾರೆ,ಬ್ರೆಜಿಲ್ ನಾಯಕ ಪ್ರತಿಭಟನೆಯ ಬಗ್ಗೆ ಮೌನ ಮುರಿದರು
ಡಯಾನಾ ಸಾವಿನ ಮೇಲಿನ ಕೊಲೆ ಹಕ್ಕು ರಾಜಕುಮಾರಿ ಡಯಾನಾ ಮತ್ತು ದೋಡಿ ಫಯೆದ್ ಅವರ ಸಾವಿಗೆ ಸಂಬಂಧಿಸಿದಂತೆ ಪೊಲೀಸರಿಗೆ ರವಾನೆಯಾದ ಹೊಸ ಮಾಹಿತಿಯು ಅವರನ್ನು ಕೊಲೆ ಮಾಡಲಾಗಿದೆ ಎಂಬ ಆರೋಪವನ್ನು ಒಳಗೊಂಡಿರುತ್ತದೆ ಎಂದು ಭಾವಿಸಲಾಗಿದೆ.,ಡಯಾನಾ ಮತ್ತು ಫಯೆದ್ ಸಾವಿನ ಮಾಹಿತಿ ಹೊಸದನ್ನು ಪಡೆದುಕೊಂಡಿದೆ ರಾಜಕುಮಾರಿ ಡಯಾನಾ ಮತ್ತು ದೋಡಿ ಅಲ್ ಫಯೆದ್ ಅವರ ಸಾವುಗಳು ಮಾಹಿತಿ ಪಡೆದ ನಂತರ ಪೊಲೀಸರು ಮತ್ತೊಮ್ಮೆ ಪರಿಶೀಲಿಸುತ್ತಿದ್ದಾರೆ.
ಈಜಿಪ್ಟ್ ನ್ಯಾಯಾಲಯವು ಮುಬಾರಕ್ ಬಿಡುಗಡೆಯನ್ನು ಪರಿಗಣಿಸುತ್ತದೆ,ಮುಬಾರಕ್ ಬಿಡುಗಡೆಗೆ ಈಜಿಪ್ಟ್ ಕೋರ್ಟ್ ಆದೇಶ
ಚೀನೀ ಷೇರುಗಳು ಬುಧವಾರ ಕೆಳಮಟ್ಟಕ್ಕೆ ಮುಚ್ಚಿದವು,ಚೀನೀ ಷೇರುಗಳು ಶುಕ್ರವಾರ ಹೆಚ್ಚಿನದನ್ನು ಮುಚ್ಚಿದವು
ದಕ್ಷಿಣ ಇರಾಕ್‌ನಲ್ಲಿ 2 ಕಾರ್ ಬಾಂಬ್‌ಗಳು 8 ಜನರನ್ನು ಕೊಂದವು,ಉತ್ತರ ಇರಾಕ್‌ನಲ್ಲಿ ಕಾರ್ ಬಾಂಬ್ ಸ್ಫೋಟದಲ್ಲಿ 14 ಮಂದಿ ಸಾವನ್ನಪ್ಪಿದ್ದಾರೆ
ನರೇಂದ್ರ ಮೋದಿ ಪಾಕಿಸ್ತಾನದ ವಿರುದ್ಧ ಕಠಿಣ ನಿಲುವು,ಪಾಕಿಸ್ತಾನದ ವಿರುದ್ಧ ಕಠಿಣ ನಿಲುವು ನೀಡುವುದಾಗಿ ಭಾರತದ ಮೋದಿ ಭರವಸೆ ನೀಡಿದ್ದಾರೆ
ಟೋಕಿಯೊ ಷೇರುಗಳು ಶೇಕಡಾ 0.26 ರಷ್ಟು ಕುಸಿದವು,ಟೋಕಿಯೊ ಷೇರುಗಳು 1.53 ಪ್ರತಿಶತದಷ್ಟು ಕುಸಿದವು
ಹುಡುಗಿ ಅಪಹರಣ ಪ್ರಕರಣದಲ್ಲಿ ಕ್ಯಾಲಿಫೋರ್ನಿಯಾದ ವ್ಯಕ್ತಿ ತಪ್ಪೊಪ್ಪಿಕೊಂಡಿಲ್ಲ ಕ್ಯಾಲಿಫ್,ಭಯೋತ್ಪಾದನೆ ಪ್ರಕರಣದಲ್ಲಿ ವ್ಯಕ್ತಿ ತಪ್ಪೊಪ್ಪಿಕೊಂಡಿಲ್ಲ
ರಸ್ಟಿ ಹೆಸರಿನ ಕೆಂಪು ಪಾಂಡಾ ರಾಷ್ಟ್ರೀಯ ಮೃಗಾಲಯದಿಂದ ಕಣ್ಮರೆಯಾಯಿತು,ಕಾಣೆಯಾದ ಕೆಂಪು ಪಾಂಡಾ ರಾಷ್ಟ್ರೀಯ ಮೃಗಾಲಯಕ್ಕೆ ಸುರಕ್ಷಿತವಾಗಿ ಮರಳಿತು
ವ್ಯಾನ್ ಡೆರ್ ಸ್ಲೂಟ್ ಜೈಲಿನಲ್ಲಿ ಮದುವೆಯಾಗಲು,ಜೋರಾನ್ ವ್ಯಾನ್ ಡೆರ್ ಸ್ಲೂಟ್ಸ್ ಪೆರು ಜೈಲಿನಲ್ಲಿ ಮದುವೆಯಾಗಲು ಯೋಜಿಸಿದ್ದಾರೆ
ಯುಎಸ್ಎ ವೆನೆಜುವೆಲಾ ರಾಜತಾಂತ್ರಿಕರನ್ನು ಸತತವಾಗಿ ಹೊರಹಾಕುತ್ತದೆ,ಯುಎಸ್ಎ ವೆನೆಜುವೆಲಾದ ರಾಜತಾಂತ್ರಿಕರನ್ನು ಹೊರಹಾಕುತ್ತದೆ
ಚೀನಾ ಸ್ಟಾಕ್ ಸೂಚ್ಯಂಕ ಭವಿಷ್ಯವು ಹೆಚ್ಚಿನದನ್ನು ಮುಚ್ಚುತ್ತದೆ,ಚೀನಾ ಸ್ಟಾಕ್ ಸೂಚ್ಯಂಕ ಭವಿಷ್ಯವು ಕೆಳಮಟ್ಟದಲ್ಲಿದೆ
"ದಕ್ಷಿಣ ಚೀನಾ ರಸ್ತೆ ಅಪಘಾತದಲ್ಲಿ 7 ಮಂದಿ ಸಾವು, 3 ಮಂದಿ ಗಾಯಗೊಂಡಿದ್ದಾರೆ","ಫಿಲಿಪೈನ್ಸ್ ರಸ್ತೆ ಅಪಘಾತದಲ್ಲಿ 20 ಸಾವು, 44 ಮಂದಿ ಗಾಯಗೊಂಡಿದ್ದಾರೆ"
ಗಾಜಾದಲ್ಲಿ ಇಸ್ರೇಲಿ ಬೆಂಕಿಯಿಂದ ಪ್ಯಾಲೆಸ್ತೀನಿಯರು 'ಹೊಡೆದರು',ಗಾಜಾದ ಮೇಲೆ ಇಸ್ರೇಲಿ ನಡೆಸಿದ ವೈಮಾನಿಕ ದಾಳಿಯಲ್ಲಿ ಇಬ್ಬರು ಪ್ಯಾಲೆಸ್ಟೀನಿಯನ್ನರು ಕೊಲ್ಲಲ್ಪಟ್ಟರು
ಸೋಮವಾರದ ಮುಕ್ತಾಯದಲ್ಲಿ ವೀಕ್ಷಿಸಲು ಷೇರುಗಳು,ಗುರುವಾರದಂದು ಮುಕ್ತಾಯದ ಸಮಯದಲ್ಲಿ ವೀಕ್ಷಿಸಲು ಷೇರುಗಳು
ಜೆಸ್ಸಿ ಜಾಕ್ಸನ್ ಜೂನಿಯರ್ ಮತ್ತು ಪತ್ನಿ ವಂಚನೆಗೆ ತಪ್ಪೊಪ್ಪಿಕೊಳ್ಳಲು,"ಜೆಸ್ಸಿ ಜಾಕ್ಸನ್ ಜೂನಿಯರ್, ವಂಚನೆಗೆ ತಪ್ಪಿತಸ್ಥರೆಂದು ಒಪ್ಪಿಕೊಳ್ಳಲು ಪತ್ನಿ"
ತೈವಾನ್‌ನಲ್ಲಿ 6.3 ತೀವ್ರತೆಯ ಭೂಕಂಪ,ನೈಋತ್ಯ ಪಾಕಿಸ್ತಾನದಲ್ಲಿ 7.7 ತೀವ್ರತೆಯ ಭೂಕಂಪ ಸಂಭವಿಸಿದೆ
Ryanair ದಾಖಲೆಯ ಲಾಭವನ್ನು ವರದಿ ಮಾಡಿದೆ ಆದರೆ ಈ ವರ್ಷ ಬೆಳವಣಿಗೆ ನಿಧಾನವಾಗುವ ಸಾಧ್ಯತೆಯಿದೆ ಎಂದು ಎಚ್ಚರಿಸಿದೆ,Ryanair ವಾರ್ಷಿಕ ಲಾಭದಲ್ಲಿ 13% ಏರಿಕೆಯನ್ನು ವರದಿ ಮಾಡಿದೆ ಆದರೆ ಈ ವರ್ಷ ನಿಧಾನಗತಿಯ ಬೆಳವಣಿಗೆಯನ್ನು ಎಚ್ಚರಿಸಿದೆ
ಜಪಾನಿನ ಸುರಂಗ ಕುಸಿದು ವಾಹನ ಸವಾರರು ಸಾವನ್ನಪ್ಪಿದ್ದಾರೆ,ಟೋಕಿಯೊದ ಹೊರಗೆ ಸುರಂಗದಲ್ಲಿ ಸಿಲುಕಿದ ಕಾರುಗಳು ಕುಸಿದವು
JFK ಸಾವಿನ 50 ನೇ ವಾರ್ಷಿಕೋತ್ಸವವನ್ನು ನೆನಪಿಸಿಕೊಳ್ಳಲಾಗಿದೆ,"JFK ಸಾವಿನ 50 ನೇ ವಾರ್ಷಿಕೋತ್ಸವದಂದು, ಡಲ್ಲಾಸ್ ತನ್ನ ಮೊದಲ ಸ್ಮಾರಕವನ್ನು ಹೊಂದಿದೆ"
ಇಸ್ರೇಲ್ ಪ್ಯಾಲೇಸ್ಟಿನಿಯನ್ ಕೈದಿಗಳನ್ನು ಬಿಡುಗಡೆ ಮಾಡುತ್ತದೆ,ಸರ್ಕಾರದ ಸಮಿತಿಯು 26 ಪ್ಯಾಲೇಸ್ಟಿನಿಯನ್ ಕೈದಿಗಳ ಬಿಡುಗಡೆಯನ್ನು ಅನುಮೋದಿಸಿದೆ
ಬೋಸ್ಟನ್ ಮ್ಯಾರಥಾನ್ ನ್ಯೂಸ್ ಬಗ್ಗೆ ಮಕ್ಕಳು ಮಾತನಾಡಲು ಸಹಾಯ ಮಾಡುವ ಪುಸ್ತಕಗಳು,ಬೋಸ್ಟನ್ ಮ್ಯಾರಥಾನ್‌ನ ಅಂತಿಮ ಸಾಲಿನಲ್ಲಿ ಎರಡು ಸ್ಫೋಟಗಳ ವರದಿ
ಮಂಡೇಲಾ ಕುಟುಂಬದೊಂದಿಗೆ ಒಬಾಮಾ ಭೇಟಿ,ಒಬಾಮಾ ಜುಮಾ ಅವರನ್ನು ಭೇಟಿಯಾಗಿ ಮಂಡೇಲಾ ಅವರಿಗೆ ಗೌರವ ಸಲ್ಲಿಸಿದರು
ನೆದರ್ಲ್ಯಾಂಡ್ಸ್ನ ರಾಣಿ ಬೀಟ್ರಿಕ್ಸ್ ಮಗನಿಗಾಗಿ ತ್ಯಜಿಸಲು,ನೆದರ್ಲೆಂಡ್ಸ್‌ನ ರಾಣಿ ಬೀಟ್ರಿಕ್ಸ್ ಮಗನ ಪರವಾಗಿ ಅಧಿಕಾರ ತ್ಯಜಿಸಿದರು
ಚೀನೀ ಷೇರುಗಳು ಬುಧವಾರದಂದು ಕಡಿಮೆ ಮುಚ್ಚಿದವು,ಫ್ರಾನ್ಸ್‌ನಲ್ಲಿ ಚೀನಾ ವಿದ್ಯಾರ್ಥಿಗಳ ಮೇಲೆ ದಾಳಿ
ಕೀನ್ಯಾದ ಅಧ್ಯಕ್ಷೀಯ ಅಭ್ಯರ್ಥಿಗಳ ವಿವರಗಳು,ಅಧ್ಯಕ್ಷೀಯ ಅಭ್ಯರ್ಥಿಯಾಗಿ ಇಟಾಲಿಯನ್ ಪತ್ರಕರ್ತ ಆಯ್ಕೆ
ಈಜಿಪ್ಟ್‌ನ ನಾಯಕ 3 ನಗರಗಳಲ್ಲಿ ತುರ್ತು ಪರಿಸ್ಥಿತಿಯನ್ನು ಹೇರುತ್ತಾನೆ,ಈಜಿಪ್ಟ್ ಅಧ್ಯಕ್ಷರು ಮೂರು ನಗರಗಳಲ್ಲಿ ತುರ್ತು ಪರಿಸ್ಥಿತಿಯನ್ನು ಘೋಷಿಸಿದರು
ಫಿಲಡೆಲ್ಫಿಯಾ ಕಟ್ಟಡ ಕುಸಿದು 8-10 ಮಂದಿ ಸಿಲುಕಿರುವ ಸಾಧ್ಯತೆ ಇದೆ,ಫಿಲಡೆಲ್ಫಿಯಾ ಕಟ್ಟಡ ಕುಸಿತ; ಸಿಕ್ಕಿಬಿದ್ದ ಜನರ ವರದಿಗಳು
ಇಸ್ತಾನ್‌ಬುಲ್‌ನಲ್ಲಿ ಪ್ರತಿಭಟನೆಯನ್ನು ಕೊನೆಗೊಳಿಸುವಂತೆ ಟರ್ಕಿಶ್ ಪ್ರಧಾನಿ ಒತ್ತಾಯಿಸಿದ್ದಾರೆ,ಇಸ್ತಾನ್‌ಬುಲ್‌ನಲ್ಲಿ ಪ್ರತಿಭಟನಾಕಾರರ ಮೇಲೆ ಟರ್ಕಿಶ್ ಪೊಲೀಸರು ಅಶ್ರುವಾಯು ಪ್ರಯೋಗಿಸಿದರು
ಯುಎಸ್ ಸೆನೆಟ್ ಗನ್ ನಿಯಂತ್ರಣ ಚರ್ಚೆಯನ್ನು ಪ್ರಾರಂಭಿಸುತ್ತದೆ,ಯುಎಸ್ ಸೆನೆಟ್ ಬಂದೂಕು ನಿಯಂತ್ರಣ ಮಸೂದೆಯ ಮೇಲೆ ಮತ ಚಲಾಯಿಸಲು ಸಿದ್ಧವಾಗಿದೆ
ಇಬ್ಬರು ವ್ಯಕ್ತಿಗಳು ಭಯೋತ್ಪಾದನೆ ಆರೋಪ ಹೊರಿಸಿದ್ದಾರೆ,ಸೌದಿ ಮೂಲದ ನೈಜೀರಿಯನ್ ನ್ಯೂಯಾರ್ಕ್‌ನಲ್ಲಿ ಭಯೋತ್ಪಾದನೆ ಆರೋಪ ಹೊರಿಸಿದ್ದಾನೆ
ಡಮಾಸ್ಕಸ್‌ನಲ್ಲಿ ಕಾರ್ ಬಾಂಬ್ ಸ್ಫೋಟದಲ್ಲಿ 53 ಮಂದಿ ಸಾವನ್ನಪ್ಪಿದ್ದಾರೆ,ಇರಾಕ್ ರಾಜಧಾನಿಯಲ್ಲಿ ಕಾರ್ ಬಾಂಬ್ ದಾಳಿಯಲ್ಲಿ 13 ನಾಗರಿಕರು ಸಾವನ್ನಪ್ಪಿದ್ದಾರೆ
ಮಾಜಿ ಪೊಲೀಸ್ ಅಧಿಕಾರಿ ಇರ್ವಿನ್ ಹತ್ಯೆಗಳಲ್ಲಿ ಹುಡುಕಿದರು,ಮಾಹಿತಿ ಸೋರಿಕೆಗಾಗಿ ಮಾಜಿ ಪೊಲೀಸ್ ಅಧಿಕಾರಿಗೆ 30 ತಿಂಗಳ ಜೈಲು ಶಿಕ್ಷೆ
ಇಸ್ರೇಲ್ ವೈಮಾನಿಕ ದಾಳಿಯನ್ನು ಸಿರಿಯಾ ಖಂಡಿಸುತ್ತದೆ,ಇರಾಕ್ ಮೇಲೆ ಮಾರಣಾಂತಿಕ ದಾಳಿಗಳ ಸರಣಿ
ಅಮೆರಿಕದಲ್ಲಿ 4.1 ತೀವ್ರತೆಯ ಭೂಕಂಪ ಸಂಭವಿಸಿದೆ,ಫಿಲಿಪೈನ್ಸ್‌ನಲ್ಲಿ 7.2 ತೀವ್ರತೆಯ ಭೂಕಂಪ ಸಂಭವಿಸಿದೆ
"ಜಂತರ್ ಮಂತರ್ ನಲ್ಲಿ ಎಬಿವಿಪಿ ಪ್ರತಿಭಟನಾಕಾರರು ಪೊಲೀಸರೊಂದಿಗೆ ಘರ್ಷಣೆ, ಕಲ್ಲು ತೂರಾಟ","ಜಂತರ್ ಮಂತರ್ ನಲ್ಲಿ ಪೊಲೀಸರೊಂದಿಗೆ ಪ್ರತಿಭಟನಾಕಾರರ ಘರ್ಷಣೆ, 5 ಜನರನ್ನು ಬಂಧಿಸಲಾಗಿದೆ"
ಪರಮಾಣು ಮಾತುಕತೆಗಳು 'ಮಾರ್ಗ ನಕ್ಷೆ' ನೀಡುತ್ತದೆ ಎಂದು ಇರಾನ್ ಆಶಿಸಿದೆ,ಜಿನೀವಾದಲ್ಲಿ ಇರಾನ್ ಪರಮಾಣು ಮಾತುಕತೆಗಳು ಹೆಚ್ಚಿನ ಭರವಸೆಯನ್ನು ಹೆಚ್ಚಿಸಿವೆ
ಕೆಂಪು ದ್ರಾಕ್ಷಿ ಮತ್ತು ಬೆರಿಹಣ್ಣುಗಳು ರೋಗನಿರೋಧಕ ಶಕ್ತಿಯನ್ನು ಹೆಚ್ಚಿಸುತ್ತವೆ ಎಂದು ವಿಜ್ಞಾನಿಗಳು ಹೇಳುತ್ತಾರೆ,"ಕೆಂಪು ದ್ರಾಕ್ಷಿ, ಬೆರಿಹಣ್ಣುಗಳು ಮಾನವನ ರೋಗನಿರೋಧಕ ಶಕ್ತಿಯನ್ನು ಹೆಚ್ಚಿಸುತ್ತವೆ"
ಉತ್ತರ ಕೊರಿಯಾ ಕಡಿಮೆ ವ್ಯಾಪ್ತಿಯ ಕ್ಷಿಪಣಿಗಳ ಪರೀಕ್ಷೆ ನಡೆಸುತ್ತಿದೆ ಎಂದು ವರದಿಯಾಗಿದೆ,ಉತ್ತರ ಕೊರಿಯಾ ಕಡಿಮೆ ವ್ಯಾಪ್ತಿಯ ಕ್ಷಿಪಣಿಗಳನ್ನು ಉಡಾಯಿಸುತ್ತದೆ
EU ನೊಬೆಲ್ ಶಾಂತಿ ಪ್ರಶಸ್ತಿಯನ್ನು ಪಡೆಯುತ್ತದೆ,EU 2012 ರ ನೊಬೆಲ್ ಶಾಂತಿ ಪ್ರಶಸ್ತಿಯನ್ನು ಪಡೆಯುತ್ತದೆ
ವೆನೆಜುವೆಲಾದ ಹ್ಯೂಗೋ ಚಾವೆಜ್ ಕ್ಯಾನ್ಸರ್ ನಿಂದ ನಿಧನರಾದರು,ಹ್ಯೂಗೋ ಚಾವೆಜ್: ಏಕತೆಗಾಗಿ ವೆನೆಜುವೆಲಾದ ಅಧಿಕಾರಿಗಳು
"21 ರವರೆಗೆ, ಕಾಬೂಲ್ ಆತ್ಮಾಹುತಿ ದಾಳಿಯಲ್ಲಿ ಹೆಚ್ಚಾಗಿ ವಿದೇಶಿಗರು ಕೊಲ್ಲಲ್ಪಟ್ಟರು",ಕಾಬೂಲ್ ಆತ್ಮಾಹುತಿ ದಾಳಿಯಲ್ಲಿ ಸತ್ತವರ ಪೈಕಿ ಬ್ರಿಟನ್
ಉತ್ತರ ಕೊರಿಯಾ ಮೂರನೇ ಪರಮಾಣು ಪರೀಕ್ಷೆ ನಡೆಸಿದೆ,ಉತ್ತರ ಕೊರಿಯಾ ಮೂರನೇ ಪರಮಾಣು ಪರೀಕ್ಷೆಯನ್ನು ಖಚಿತಪಡಿಸಿದೆ
ಟೋಕಿಯೊ ಷೇರುಗಳು 0.88pc ನಷ್ಟು ಕಡಿಮೆಯಾಗಿದೆ,ಸಿಂಗಾಪುರದ ಷೇರುಗಳು 0.44pc ನಷ್ಟು ಕಡಿಮೆಯಾಗಿದೆ
ಯುಕೆ ಅಪಘಾತದಲ್ಲಿ ನಾಲ್ವರು ಯುಎಸ್ ಏರ್ ಫೋರ್ಸ್ ಹೆಲಿಕಾಪ್ಟರ್ ಸಿಬ್ಬಂದಿ ಸಾವನ್ನಪ್ಪಿದ್ದಾರೆ,ಯುಕೆ ಅಪಘಾತದಲ್ಲಿ ಯುಎಸ್ ಏರ್ ಫೋರ್ಸ್ ಹೆಲಿಕಾಪ್ಟರ್ ಸಿಬ್ಬಂದಿ ಸಾವನ್ನಪ್ಪಿದ್ದಾರೆ
"ಇಂಟೆಲ್‌ನ ಮ್ಯಾಕ್‌ಅಫೀ ಕ್ಲೌಡ್-ಆಧಾರಿತ, ನೆಟ್‌ವರ್ಕ್ ಮಾಡಿದ ಫೈರ್‌ವಾಲ್ ಸ್ಪೆಷಲಿಸ್ಟ್ ಸ್ಟೋನ್‌ಸಾಫ್ಟ್ ಅನ್ನು $389M ನಗದಿನಲ್ಲಿ ಖರೀದಿಸುತ್ತದೆ",ಮ್ಯಾಕ್‌ಅಫೀ $389 ಮಿಲಿಯನ್‌ಗೆ ಫೈರ್‌ವಾಲ್ ಸ್ಟೋನ್‌ಸಾಫ್ಟ್ ಅನ್ನು ಸ್ವಾಧೀನಪಡಿಸಿಕೊಳ್ಳಲು
ಮಲೇಷ್ಯಾ ವಿಮಾನ ನಿಲ್ದಾಣದಲ್ಲಿ ಆಸ್ಟ್ರೇಲಿಯಾದ ಸೆನೆಟರ್ ಅನ್ನು ಬಂಧಿಸಿದೆ,ಮಲೇಷ್ಯಾ ವಿಮಾನ ನಿಲ್ದಾಣದಲ್ಲಿ ಆಸ್ಟ್ರೇಲಿಯಾದ ಶಾಸಕರನ್ನು ಬಂಧಿಸಿದೆ
ಬಾಂಗ್ಲಾದೇಶ ವಿರೋಧ ಪಕ್ಷದ ನಾಯಕನಿಗೆ ಯುದ್ಧಾಪರಾಧಕ್ಕಾಗಿ ಮರಣದಂಡನೆ,ಬಾಂಗ್ಲಾದೇಶ: ಯುದ್ಧಾಪರಾಧಗಳ ನ್ಯಾಯಮಂಡಳಿಯಿಂದ ಪರಾರಿಯಾದ ವ್ಯಕ್ತಿಗೆ ಮರಣದಂಡನೆ ವಿಧಿಸಲಾಗಿದೆ
ಥ್ಯಾಚರ್ ಅಂತ್ಯಕ್ರಿಯೆಗೆ ಬಿಗಿ ಭದ್ರತೆ,ಕೀನ್ಯಾದಲ್ಲಿ ಹೊಸ ಭಯೋತ್ಪಾದಕ ಬೆದರಿಕೆಗಳ ಬಗ್ಗೆ ಭದ್ರತಾ ಏಜೆನ್ಸಿಗಳು ಚಿಂತಿಸುತ್ತಿವೆ
ಪೂರ್ವ ಅಫ್ಘಾನಿಸ್ತಾನದ ಸ್ಫೋಟದಲ್ಲಿ 2 ಪೊಲೀಸರು ಕೊಲ್ಲಲ್ಪಟ್ಟರು,ಚೀನಾದ ಕಲ್ಲಿದ್ದಲು ಗಣಿ ಸ್ಫೋಟದಲ್ಲಿ ಕನಿಷ್ಠ 28 ಜನರು ಸಾವನ್ನಪ್ಪಿದ್ದಾರೆ
ಇಟಲಿಯಲ್ಲಿ ಬಸ್ ಅಪಘಾತದಲ್ಲಿ 37 ಸಾವು,ಪಾಕಿಸ್ತಾನದಲ್ಲಿ ಬಸ್ ಅಪಘಾತದಲ್ಲಿ 12 ಮಂದಿ ಸಾವು
ಲಾಲ್ ಮಸೀದಿ ಪ್ರಕರಣದಲ್ಲಿ ಮುಷರಫ್ ಬಂಧನ,ಪಾಕಿಸ್ತಾನದಲ್ಲಿ ಮುಷರಫ್ ಬಂಧನ
ಅಫ್ಘಾನಿಸ್ತಾನದಲ್ಲಿ 38 ತಾಲಿಬಾನ್ ಉಗ್ರರು ಹತರಾಗಿದ್ದಾರೆ,ಅಫ್ಘಾನಿಸ್ತಾನದಲ್ಲಿನ ಯುಎಸ್ ನೆಲೆಯ ಮೇಲೆ ತಾಲಿಬಾನ್ ದಾಳಿ
ಅಫ್ಘಾನಿಸ್ತಾನದ ದಾಳಿಯಲ್ಲಿ 35 ಉಗ್ರರ ಹತ್ಯೆ: ಅಧಿಕಾರಿ,ಅಫ್ಘಾನ್ ದಾಳಿಯಲ್ಲಿ 12 ಉಗ್ರರು ಹತ್ಯೆ: ಸಚಿವಾಲಯ
ಸಿರಿಯನ್ ವಿರೋಧವನ್ನು ಯುಎಸ್ ಗುರುತಿಸುತ್ತದೆ,ರಷ್ಯಾ ಸಿರಿಯಾದ ವಿರೋಧವನ್ನು ಮಾತುಕತೆಗೆ ಆಹ್ವಾನಿಸಿದೆ
ಥಾಯ್ ಪ್ರತಿಭಟನಾಕಾರರು ಮತದಾನಕ್ಕೆ ಅಡ್ಡಿ; ಹಿಂಸಾಚಾರದಲ್ಲಿ 1 ಸಾವು,ಥಾಯ್ ಪ್ರತಿಭಟನಾಕಾರರು ಬ್ಯಾಂಕಾಕ್‌ನಲ್ಲಿ ಮತದಾನ ಕೇಂದ್ರಗಳನ್ನು ನಿರ್ಬಂಧಿಸಿದ್ದಾರೆ
ಈಜಿಪ್ಟ್ ಹೊಸ ಸಂವಿಧಾನದಲ್ಲಿ ಮತ ಚಲಾಯಿಸುತ್ತದೆ,ಈಜಿಪ್ಟಿನವರು ಹೊಸ ಸಂವಿಧಾನದ ಮೇಲೆ ಮತ ಹಾಕುತ್ತಾರೆ
ಉತ್ತರ ಕೊರಿಯಾದ ಮೂರನೇ ಪರೀಕ್ಷೆಯು ಅದನ್ನು ಪರಮಾಣು ಶಕ್ತಿ ಸ್ಥಿತಿಗೆ ಹತ್ತಿರ ತರುತ್ತದೆ,ಉತ್ತರ ಕೊರಿಯಾ ಪರಮಾಣು ಪರೀಕ್ಷೆಯು ವಿಶ್ವ ಶಾಂತಿಗೆ ಗಂಭೀರ ಬೆದರಿಕೆಯಾಗಿದೆ ಎಂದು ನ್ಯಾಟೋ ಹೇಳಿದೆ
ಆರ್ಥಿಕ ಬಲೆಗಳನ್ನು ತಪ್ಪಿಸಲು ಚೀನಾ ಶ್ರಮಿಸುತ್ತಿದೆ,ಆರ್ಥಿಕ ಬೆಳವಣಿಗೆಯನ್ನು ಉತ್ತೇಜಿಸಲು ವಿಮೆ ಪ್ರಮುಖವಾಗಿದೆ
ಭಾರತೀಯ ಷೇರುಗಳು ಸಮತಟ್ಟಾಗಿ ತೆರೆದಿವೆ,ಭಾರತೀಯ ಷೇರುಗಳು ಕೆಳಮಟ್ಟದಲ್ಲಿ ತೆರೆದಿವೆ
ಅಫ್ಘಾನಿಸ್ತಾನದಲ್ಲಿ ರಸ್ತೆಬದಿ ಬಾಂಬ್ ದಾಳಿಗೆ 5 ಮಂದಿ ಬಲಿ,ಅಫ್ಘಾನಿಸ್ತಾನದಲ್ಲಿ ರಸ್ತೆಬದಿ ಬಾಂಬ್ ದಾಳಿಯಲ್ಲಿ 3 ಪೊಲೀಸರು ಸಾವನ್ನಪ್ಪಿದ್ದಾರೆ
"ಇಸ್ರೇಲಿಗಳು, ಪ್ಯಾಲೆಸ್ಟೀನಿಯಾದವರು US ನಲ್ಲಿ ಮಾತುಕತೆ ಪುನರಾರಂಭಿಸಿದರು","ಇಸ್ರೇಲಿಗಳು, ಪ್ಯಾಲೆಸ್ಟೀನಿಯಾದವರು ಮಾತುಕತೆಗಳನ್ನು ಪ್ರಾರಂಭಿಸುತ್ತಾರೆ"
ಫ್ರೆಂಚ್ ನೇತೃತ್ವದ ಪಡೆಗಳು ಟಿಂಬಕ್ಟುಗೆ ಹತ್ತಿರವಾಗುತ್ತವೆ,ಫ್ರೆಂಚ್ ನೇತೃತ್ವದ ಪಡೆಗಳು ಟಿಂಬಕ್ಟುಗೆ ಪ್ರವೇಶವನ್ನು ನಿಯಂತ್ರಿಸುತ್ತವೆ
ರಾಜಕೀಯ ಬಿಕ್ಕಟ್ಟಿನ ವಿರುದ್ಧ ಪ್ರತಿಭಟನೆಯಲ್ಲಿ ಲೆಬನಾನ್ ವ್ಯವಹಾರಗಳು ಮುಷ್ಕರ,ಆತ್ಮವಿಶ್ವಾಸವು ರಾಜಕೀಯ ಬಿಕ್ಕಟ್ಟನ್ನು ನಿವಾರಿಸುತ್ತದೆ ಎಂದು ಟುನೀಶಿಯಾ ಅಧ್ಯಕ್ಷರು ಹೇಳುತ್ತಾರೆ
ಪಾಕಿಸ್ತಾನದಲ್ಲಿ ಬಂದೂಕುಧಾರಿಗಳು 11 ವಿದೇಶಿ ಪ್ರವಾಸಿಗರನ್ನು ಕೊಂದಿದ್ದಾರೆ,ಪಾಕಿಸ್ತಾನದಲ್ಲಿ ಬಂದೂಕುಧಾರಿಗಳು 11 ವಿದೇಶಿ ಪರ್ವತಾರೋಹಿಗಳನ್ನು ಕೊಂದಿದ್ದಾರೆ
ಟೋಕಿಯೋ 2020 ರ ಒಲಂಪಿಕ್ ಕ್ರೀಡಾಕೂಟವನ್ನು ಆಯೋಜಿಸುತ್ತದೆ,ಟೋಕಿಯೋ 2020 ರ ಒಲಂಪಿಕ್ಸ್ ಅನ್ನು ಆಯೋಜಿಸುವ ಓಟವನ್ನು ಗೆದ್ದಿದೆ
ಫ್ರಾನ್ಸ್ ಮಾಲಿಯಲ್ಲಿ ಮಿಲಿಟರಿ ಸಹಾಯವನ್ನು ಪ್ರತಿಜ್ಞೆ ಮಾಡಿದೆ,ಮಾಲಿಯಲ್ಲಿ ಹೆಚ್ಚಿನ ಫ್ರೆಂಚ್ ಮಿಲಿಟರಿ ಕಾರ್ಯಾಚರಣೆಯನ್ನು ಬೆಂಬಲಿಸುತ್ತದೆ
ಮುಂಬೈ ಅತ್ಯಾಚಾರ ಪ್ರಕರಣದಲ್ಲಿ ಭಾರತೀಯ ಪೊಲೀಸರು ಎಲ್ಲಾ ಐವರು ಶಂಕಿತರನ್ನು ಬಂಧಿಸಿದ್ದಾರೆ,ಮುಂಬೈ ಪೊಲೀಸರು ಸಾಮೂಹಿಕ ಅತ್ಯಾಚಾರ ಪ್ರಕರಣದಲ್ಲಿ ಐದನೇ ಆರೋಪಿಯನ್ನು ಬಂಧಿಸಿದ್ದಾರೆ
ಈಜಿಪ್ಟಿನವರು ವಿಭಜಕ ಸಂವಿಧಾನದ ಮೇಲೆ ಮತ ಚಲಾಯಿಸುತ್ತಾರೆ,ಈಜಿಪ್ಟಿನವರು ಸಂವಿಧಾನ ಬದಲಾವಣೆಗೆ ಮತ ಹಾಕುತ್ತಾರೆ
ಉತ್ತರದಿಂದ ಉಡಾಯಿಸಿದ ಕ್ಷಿಪಣಿಗಳು ಎಂದು ದಕ್ಷಿಣ ಕೊರಿಯಾ ಹೇಳಿದೆ,ಉತ್ತರ ಕೊರಿಯಾ ಕಡಿಮೆ ವ್ಯಾಪ್ತಿಯ ಕ್ಷಿಪಣಿಗಳನ್ನು ಉಡಾಯಿಸುತ್ತದೆ
ಹೆಚ್ಚಿನ ಈಜಿಪ್ಟ್ ಪ್ರತಿಭಟನೆಗಳಿಗೆ ಕರೆಗಳು,ಈಜಿಪ್ಟ್ ಪ್ರತಿಭಟನೆಯಲ್ಲಿ ಸತ್ತವರ ಸಂಖ್ಯೆ 49 ಕ್ಕೆ ಏರಿದೆ
ರಾಸಾಯನಿಕ ಅಸ್ತ್ರಗಳ ಬಗ್ಗೆ ಅಮೆರಿಕ ಸಿರಿಯಾಕ್ಕೆ ಎಚ್ಚರಿಕೆ ನೀಡಿದೆ,ಸಿರಿಯಾದ ರಾಸಾಯನಿಕ ಅಸ್ತ್ರಗಳ ಬಗ್ಗೆ ಅಮೆರಿಕದ ಕಾಳಜಿ ಬೆಳೆಯುತ್ತಿದೆ
"ಯುಎಸ್ ಕಾರು ಗೊಂದಲದಲ್ಲಿ ಒಬ್ಬ ಸಾವು, 11 ಮಂದಿ ಗಾಯಗೊಂಡಿದ್ದಾರೆ","ಕೊಟಬಾಟೊ ಸ್ಫೋಟದಲ್ಲಿ 6 ಸಾವು, 33 ಮಂದಿ ಗಾಯಗೊಂಡಿದ್ದಾರೆ"
ಗ್ರೇಟ್ ಬ್ಯಾರಿಯರ್ ರೀಫ್‌ನಲ್ಲಿ ಯುಎಸ್ ಬಾಂಬ್‌ಗಳನ್ನು ಎಸೆಯುತ್ತದೆ,ಆಸ್ಟ್ರೇಲಿಯಾದ ಗ್ರೇಟ್ ಬ್ಯಾರಿಯರ್ ರೀಫ್ ಬಳಿ ಯುಎಸ್ ಮಿಲಿಟರಿ ಜೆಟ್ಟಿಸನ್ ಬಾಂಬ್‌ಗಳನ್ನು ಸ್ಫೋಟಿಸಿತು
ದೊಡ್ಡ ಬಜೆಟ್ ಒಪ್ಪಂದದಲ್ಲಿ ಸಾಮಾಜಿಕ ಸುರಕ್ಷತಾ ನಿವ್ವಳವನ್ನು ಕಡಿತಗೊಳಿಸುವ ಪ್ರಸ್ತಾಪವನ್ನು ಒಬಾಮಾ ನವೀಕರಿಸಿದ್ದಾರೆ,ಬಜೆಟ್ ಡೆಡ್‌ಲಾಕ್ ಅನ್ನು ತ್ವರಿತವಾಗಿ ನಿಭಾಯಿಸಲು ಜಪಾನ್ ಯುಎಸ್ ಅನ್ನು ಒತ್ತಾಯಿಸುತ್ತದೆ
ಚೀನಾ ಯುವಾನ್ USD ವಿರುದ್ಧ 6.2689 ಗೆ ಬಲಗೊಳ್ಳುತ್ತದೆ,ಚೀನೀ ಯುವಾನ್ USD ವಿರುದ್ಧ 6.2816 ಗೆ ದುರ್ಬಲಗೊಳ್ಳುತ್ತದೆ
ಅಲ್-ಖೈದಾ ನಾಯಕನನ್ನು ಸೆರೆಹಿಡಿಯಲಾಗಿದೆ ಎಂದು ಯುಎಸ್ ದೃಢಪಡಿಸಿದೆ,ಯುಎಸ್ ಅಲ್-ಖೈದಾ ನಾಯಕನನ್ನು ಸೆರೆಹಿಡಿಯುತ್ತದೆ ಆದರೆ ಸೊಮಾಲಿಯಾ ದಾಳಿಯಲ್ಲಿ ವಿಫಲವಾಗಿದೆ
ಗೂಗಲ್ ಟೆಕ್ಸಾಸ್ ವಿಂಡ್ ಫಾರ್ಮ್‌ನಲ್ಲಿ $200 ಮಿಲಿಯನ್ ಹೂಡಿಕೆ ಮಾಡಿದೆ,ಟೆಕ್ಸಾಸ್ ವಿಂಡ್ ಫಾರ್ಮ್ ಯೋಜನೆಯಲ್ಲಿ ಗೂಗಲ್ 200 ಮಿಲಿಯನ್ USD ಹೂಡಿಕೆ ಮಾಡಿದೆ
ಅಫ್ಘಾನ್ ಆಂತರಿಕ ದಾಳಿಯಲ್ಲಿ US ಪಡೆಗಳು ಕೊಲ್ಲಲ್ಪಟ್ಟವು,ಅಫ್ಘಾನ್ ಒಳಗಿನ ದಾಳಿಯಲ್ಲಿ US ಪಡೆಗಳು ಕೊಲ್ಲಲ್ಪಟ್ಟರು
ಪ್ರೆಸ್ಟನ್ ಮತ್ತು ಇಂಗ್ಲೆಂಡ್ ದಂತಕಥೆ ಟಾಮ್ ಫಿನ್ನಿ 91 ನೇ ವಯಸ್ಸಿನಲ್ಲಿ ನಿಧನರಾದರು,ಇಂಗ್ಲೆಂಡ್‌ನ ಮಾಜಿ ಆಟಗಾರ ಟಾಮ್ ಫಿನ್ನಿ 91 ನೇ ವಯಸ್ಸಿನಲ್ಲಿ ನಿಧನರಾದರು
ಬೋಸ್ಟನ್ ಬಾಂಬ್ ಬಲಿಪಶುಗಳಿಗಾಗಿ ಲಂಡನ್ ಮ್ಯಾರಥಾನ್ ಮೌನವನ್ನು ಆಚರಿಸುತ್ತದೆ,ಲಂಡನ್ ಮ್ಯಾರಥಾನ್ ಬೋಸ್ಟನ್ ಬಲಿಪಶುಗಳಿಗಾಗಿ ಮೌನವನ್ನು ಆಚರಿಸುತ್ತದೆ
ಬೆಂಗಾಜಿಯಲ್ಲಿ ಕಾರ್ ಬಾಂಬ್‌ನಲ್ಲಿ ಒಬ್ಬನನ್ನು ಕೊಲ್ಲಲಾಯಿತು ಮತ್ತು ಐವರು ಗಾಯಗೊಂಡರು,ಬೆಂಗಾಜಿಯಲ್ಲಿ ಕಾರ್ ಬಾಂಬ್‌ನಲ್ಲಿ ಒಬ್ಬನನ್ನು ಕೊಲ್ಲಲಾಯಿತು ಮತ್ತು ಐವರು ಗಾಯಗೊಂಡರು
"ಕೆನಡಾ ರೈಲು ದುರಂತದಲ್ಲಿ ಐವರು ಸಾವು, 40 ಮಂದಿ ನಾಪತ್ತೆ",ಕೆನಡಾದ ರೈಲು ದುರಂತದಲ್ಲಿ 40 ಮಂದಿ ಇನ್ನೂ ನಾಪತ್ತೆಯಾಗಿದ್ದಾರೆ
ಶ್ರೀಲಂಕಾದ ತಮಿಳರು ಹೆಚ್ಚಿನ ಸ್ವಾಯತ್ತತೆಗಾಗಿ ಮತ ಚಲಾಯಿಸುತ್ತಾರೆ,ಕ್ಯಾಮೆರಾನ್ ಮತ್ತು ಪುಟಿನ್ ಪರ ಸಿರಿಯಾ ಮಾತುಕತೆ
ಉಕ್ರೇನಿಯನ್ ಪ್ರಧಾನಿ ಅಜರೋವ್ ಮತ್ತು ಇಡೀ ಸರ್ಕಾರ ರಾಜೀನಾಮೆ,ಪ್ರತಿಭಟನೆಗಳು ಮುಂದುವರಿದಂತೆ ಉಕ್ರೇನಿಯನ್ ಅಧಿಕಾರಿಗಳನ್ನು ಕೆನಡಾದಿಂದ ನಿರ್ಬಂಧಿಸಲಾಗಿದೆ
ನ್ಯಾಟೋ ವೈಮಾನಿಕ ದಾಳಿಯಲ್ಲಿ ಇಬ್ಬರು ಅಫ್ಘಾನಿಸ್ತಾನದ ಮಕ್ಕಳು ಸಾವನ್ನಪ್ಪಿದ್ದಾರೆ,ಅಫ್ಘಾನಿಸ್ತಾನದಲ್ಲಿ ನ್ಯಾಟೋ ಸೈನಿಕ ಸಾವನ್ನಪ್ಪಿದ್ದಾನೆ
ಒಳಗಿನವರು 2012 ರ ಚುನಾವಣಾ ರಹಸ್ಯಗಳನ್ನು ಬಹಿರಂಗಪಡಿಸುತ್ತಾರೆ,ವೆನೆಜುವೆಲಾ ಚುನಾವಣೆ ಸೆಟ್ ಆಗಿ ಕ್ಯಾಪ್ರಿಲ್ಸ್ ಮೇಲೆ ಎಲ್ಲಾ ಕಣ್ಣುಗಳು
ಜಂಟಿ ಕೈಗಾರಿಕಾ ವಲಯದಲ್ಲಿ ಕೆಲಸವನ್ನು ನಿಲ್ಲಿಸಲು ಉತ್ತರ ಕೊರಿಯಾ,ಜಂಟಿ ಕೈಗಾರಿಕಾ ವಲಯಕ್ಕೆ ಪ್ರವೇಶವನ್ನು ಉತ್ತರ ಕೊರಿಯಾ ನಿರ್ಬಂಧಿಸುತ್ತದೆ
ವಿವಾದಾತ್ಮಕ ರಾಕೆಟ್ ಉಡಾವಣೆ ವಿಳಂಬವಾಗಬಹುದು ಎಂದು ಕೊರಿಯಾ ಹೇಳಿದೆ,ಕೊರಿಯಾ ವಿವಾದಾತ್ಮಕ ರಾಕೆಟ್ ಉಡಾವಣೆಯನ್ನು ವಿಳಂಬಗೊಳಿಸಲು ಸಿದ್ಧವಾಗಿದೆ
ಡಾನ್ ವ್ಯಾಲಿ ಸ್ಟೇಡಿಯಂನಲ್ಲಿ ಡೆಮಾಲಿಷನ್ ಕೆಲಸ ಪ್ರಾರಂಭವಾಗುತ್ತದೆ,ಕ್ರೀಡಾಂಗಣದಲ್ಲಿ ಕೆಡವುವ ಕಾರ್ಯ ಆರಂಭ
ಉತ್ತರ ಕೊರಿಯಾದ ಗಣ್ಯರಿಗೆ ಅಮೆರಿಕ ತಣ್ಣನೆಯ ಸಂದೇಶವನ್ನು ಕಳುಹಿಸಿದೆ,ಉತ್ತರ ಕೊರಿಯಾದ ಗಣ್ಯರಿಗೆ ಅಮೇರಿಕಾ ತಣ್ಣನೆಯ ಸಂದೇಶವನ್ನು ಕಳುಹಿಸುತ್ತದೆ
2013 ರ ಅತ್ಯಂತ ಶಕ್ತಿಶಾಲಿ ಟೈಫೂನ್ ಫಿಲಿಪೈನ್ಸ್ ಅನ್ನು ಹೊಡೆದಿದೆ,23 ಟೈಫೂನ್ ಯೂಟರ್ ಫಿಲಿಪೈನ್ಸ್‌ಗೆ ಅಪ್ಪಳಿಸುತ್ತಿದ್ದಂತೆ ಕಾಣೆಯಾಗಿದೆ
ಆರೋಗ್ಯ ರಕ್ಷಣೆ ಕಾನೂನು ಕಾರ್ಯನಿರ್ವಹಿಸುತ್ತಿದೆ ಎಂದು ಒಬಾಮಾ ಘೋಷಿಸಿದರು,ಒಬಾಮಾ ಹೊಸ ಆರೋಗ್ಯ ರಕ್ಷಣೆ ಕಾನೂನು ಕೆಲಸ ಮಾಡಲು ಪ್ರತಿಜ್ಞೆ
ಸಾಲದ ಸೀಲಿಂಗ್ ಮಾತುಕತೆಗಳಲ್ಲಿ 'ಪ್ರಚಂಡ ಪ್ರಗತಿ'ಯನ್ನು ರೀಡ್ ಉಲ್ಲೇಖಿಸಿದ್ದಾರೆ,ಸೆನೆಟ್ ನಾಯಕರು ಅಮೇರಿಕಾ ಸಾಲದ ಸೀಲಿಂಗ್ ಒಪ್ಪಂದಕ್ಕೆ ಹತ್ತಿರವಾಗಿದ್ದಾರೆ
ಥಾಯ್ ರಾಜಕೀಯ ಪ್ರತಿಭಟನೆಗಳು ಹೆಚ್ಚಿನ ಸಚಿವಾಲಯಗಳನ್ನು ನಿಷ್ಕ್ರಿಯಗೊಳಿಸುತ್ತವೆ,ಥಾಯ್ ಪ್ರತಿಭಟನಾಕಾರರು ಹೆಚ್ಚಿನ ಸಚಿವಾಲಯಗಳನ್ನು ಮುತ್ತಿಗೆ ಹಾಕುತ್ತಾರೆ
ಸಾರಂಗನಿಯಲ್ಲಿ 6.2 ತೀವ್ರತೆಯ ಭೂಕಂಪ,ನೈಋತ್ಯ ಚೀನಾದಲ್ಲಿ 4.3 ತೀವ್ರತೆಯ ಭೂಕಂಪ ಸಂಭವಿಸಿದೆ
ಒಬಾಮಾ ಆರ್ಥಿಕ ಪ್ರವಾಸವು ಕಡಿಮೆ ನಿರೀಕ್ಷೆಗಳಿಂದ ಕೂಡಿದೆ,ಕುಕೀಗಳ ಮೇಲಿನ ನಿಷೇಧವನ್ನು ಕೊನೆಗೊಳಿಸಲು ಬಾಯ್ ಸ್ಕೌಟ್‌ಗಳನ್ನು ಒಬಾಮಾ ಪ್ರೋತ್ಸಾಹಿಸುತ್ತಾರೆ
ಈಸಿಜೆಟ್‌ನ ಅಧ್ಯಕ್ಷ ಸ್ಥಾನದಿಂದ ಕೆಳಗಿಳಿಯಲಿದ್ದಾರೆ,ಬ್ರಿಟಿಷ್ ನೋ-ಫ್ರಿಲ್ಸ್ ಏರ್‌ಲೈನ್ ಈಸಿಜೆಟ್‌ನ ಅಧ್ಯಕ್ಷ ಸ್ಥಾನದಿಂದ ಕೆಳಗಿಳಿಯಲಿದ್ದಾರೆ
ಯುಎನ್ ನಿರ್ಣಯವು ಸಿರಿಯಾದ ರಾಸಾಯನಿಕ ಶಸ್ತ್ರಾಸ್ತ್ರಗಳನ್ನು ನಾಶಪಡಿಸಲು ಆದೇಶಿಸುತ್ತದೆ,ಸಿರಿಯಾ ರಾಸಾಯನಿಕ ಕಾರ್ಯಾಚರಣೆಗೆ ಸಹಾಯ ಮಾಡಲು ಜರ್ಮನಿ ಸಿದ್ಧವಾಗಿದೆ
ಅಫ್ಘಾನ್ ಪ್ರಾಂತೀಯ ಕೌನ್ಸಿಲ್‌ನಲ್ಲಿ ಆತ್ಮಹತ್ಯಾ ಬಾಂಬರ್ 14 ಸಾವು,ಅಫ್ಘಾನಿಸ್ತಾನದಲ್ಲಿ ಆತ್ಮಹತ್ಯಾ ಬಾಂಬರ್ 11 ಸಾವು
ಡೇವಿಡ್ ಬೆಕ್‌ಹ್ಯಾಮ್ ಋತುವಿನ ಕೊನೆಯಲ್ಲಿ ನಿವೃತ್ತಿ ಹೊಂದಲಿದ್ದಾರೆ,ಡೇವಿಡ್ ಬೆಕ್‌ಹ್ಯಾಮ್ ಫುಟ್‌ಬಾಲ್‌ನಿಂದ ನಿವೃತ್ತಿ
ಸಮಿತಿಯು ಅಂತಿಮ ದೊಡ್ಡ ವಲಸೆ ನಿರ್ಧಾರಗಳನ್ನು ಸಮೀಪಿಸಿದೆ,ಸೆನೆಟ್ ನ್ಯಾಯಾಂಗ ಸಮಿತಿಯು ವಲಸೆ ಮಸೂದೆಯನ್ನು ರೂಪಿಸುವಲ್ಲಿ ಅಂತಿಮ ದೊಡ್ಡ ನಿರ್ಧಾರಗಳನ್ನು ಸಮೀಪಿಸುತ್ತಿದೆ
ಲಿಬಿಯಾ ನಾಲ್ಕು ದೇಶಗಳೊಂದಿಗಿನ ತನ್ನ ಗಡಿಯನ್ನು ಥಟ್ಟನೆ ಮುಚ್ಚಿದೆ,"ಲಿಬಿಯಾ ಗಡಿಗಳನ್ನು ಮುಚ್ಚುತ್ತದೆ, ದಕ್ಷಿಣದಲ್ಲಿ ಸಮರ ಕಾನೂನನ್ನು ಘೋಷಿಸುತ್ತದೆ"
ನಾಯಿ ಮಗಳನ್ನು ಕೊಂದ ನಂತರ ನರಹತ್ಯೆಯ ಶಂಕೆಯ ಮೇಲೆ ತಾಯಿಯನ್ನು ಬಂಧಿಸಲಾಗಿದೆ,ಸಫೊಲ್ಕ್‌ನಲ್ಲಿ ಇರಿದ ನಂತರ ಕೊಲೆಯ ಶಂಕೆಯ ಮೇಲೆ ವ್ಯಕ್ತಿಯನ್ನು ಬಂಧಿಸಲಾಗಿದೆ
ಮನುಷ್ಯ ಸಮುದ್ರಕ್ಕೆ ನುಗ್ಗಿದ ನಂತರ ಹುಡುಕಾಟ,ಲಾರಾ ನೇಪಾಳಕ್ಕೆ ಭೇಟಿ ನೀಡಲು ಯೋಜಿಸಿದ್ದಾರೆ
"ಬಾರ್ಸಿಲೋನಾ ಗೆಲುವಿನಲ್ಲಿ ಮೆಸ್ಸಿ 300ನೇ, 301ನೇ ಗೋಲು ಗಳಿಸಿದರು",ಫುಟ್ಬಾಲ್: ಮೆಸ್ಸಿ ಬಾರ್ಸಿಲೋನಾ ಗೆಲುವಿನಲ್ಲಿ 300 ನೇ ಗೋಲು ಹೊಡೆದರು
"ಉಲ್ಕಾಶಿಲೆ ಮಧ್ಯ ರಷ್ಯಾಕ್ಕೆ ಅಪ್ಪಳಿಸಿತು, 500 ಕ್ಕೂ ಹೆಚ್ಚು ಜನರು ಗಾಯಗೊಂಡಿದ್ದಾರೆ","ಉಲ್ಕಾಶಿಲೆ ಮಧ್ಯ ರಷ್ಯಾಕ್ಕೆ ಅಪ್ಪಳಿಸಿತು, 400 ಮಂದಿ ಗಾಯಗೊಂಡರು"
ಟುನೀಶಿಯಾದ ವಿರೋಧ ಪಕ್ಷದ ರಾಜಕಾರಣಿ ಗುಂಡಿಕ್ಕಿ ಕೊಲ್ಲಲ್ಪಟ್ಟರು,ಟುನೀಶಿಯಾ ವಿರೋಧ ಪಕ್ಷದ ನಾಯಕನ ಹತ್ಯೆ; ಪ್ರತಿಭಟನೆಗಳು ಸ್ಫೋಟಗೊಳ್ಳುತ್ತವೆ
ಹಿಮಪಾತವು US ಈಶಾನ್ಯವನ್ನು ಸ್ಥಗಿತಗೊಳಿಸುತ್ತದೆ,"ಹಿಮಪಾತವು ಯುಎಸ್ ಈಶಾನ್ಯಕ್ಕೆ ಅಡ್ಡಿಪಡಿಸುತ್ತದೆ, ರಸ್ತೆಗಳನ್ನು ಮುಚ್ಚುತ್ತದೆ"
ಯುಎನ್ ಪ್ರೆಸ್‌ಗಳಿಗೆ ಸಿರಿಯನ್ ನೆರವಿನಲ್ಲಿ ಪ್ರಮುಖ ಉತ್ತೇಜನದ ಅಗತ್ಯವಿದೆ,ಯುಎನ್ ಮುಖ್ಯಸ್ಥರು ಸಿರಿಯನ್ ನೆರವಿನಲ್ಲಿ ಪ್ರಮುಖ ಉತ್ತೇಜನಕ್ಕಾಗಿ ಒತ್ತಾಯಿಸುತ್ತಾರೆ
ಉತ್ತರ ಸಿರಿಯಾದಲ್ಲಿ ನಡೆದ ಹೋರಾಟದಲ್ಲಿ 123 ಮಂದಿ ಸಾವನ್ನಪ್ಪಿದ್ದಾರೆ,ಸಿರಿಯನ್ ವೈಮಾನಿಕ ದಾಳಿಯಲ್ಲಿ ಹಲವರು ಸತ್ತರು
ಜಾರ್ಜ್ ಝಿಮ್ಮರ್‌ಮ್ಯಾನ್ ಟ್ರೇವಾನ್ ಮಾರ್ಟಿನ್ ಕೊಲೆಗೆ ತಪ್ಪಿತಸ್ಥರೆಂದು ಕಂಡುಬಂದಿಲ್ಲ,ಟ್ರೇವಾನ್ ಮಾರ್ಟಿನ್ ಕೊಲೆಯಿಂದ ಜಿಮ್ಮರ್‌ಮ್ಯಾನ್ ಖುಲಾಸೆಗೊಂಡ ನಂತರ ಪ್ರತಿಭಟನೆಗಳು ಮತ್ತು ಶಾಂತತೆಗಾಗಿ ಮನವಿಗಳು
ಗುರುವಾರ ಡಾಲರ್ ವಿರುದ್ಧ ಚೀನಾದ ಯುವಾನ್ 6.2767 ಕ್ಕೆ ದುರ್ಬಲವಾಗಿದೆ,ಮಂಗಳವಾರ ಡಾಲರ್ ವಿರುದ್ಧ ಚೀನಾ ಯುವಾನ್ 6.1818 ಕ್ಕೆ ದುರ್ಬಲವಾಗಿದೆ
"ಉತ್ತರ ಇರಾಕ್‌ನಲ್ಲಿ ಬಾಂಬ್ ದಾಳಿಯಲ್ಲಿ 17 ಮಂದಿ ಸಾವನ್ನಪ್ಪಿದ್ದಾರೆ, 133 ಮಂದಿ ಗಾಯಗೊಂಡಿದ್ದಾರೆ","ಉತ್ತರ ಲೆಬನಾನ್‌ನಲ್ಲಿ ನಡೆದ ಘರ್ಷಣೆಯಲ್ಲಿ 2 ಮಂದಿ ಸಾವನ್ನಪ್ಪಿದ್ದಾರೆ, 6 ಮಂದಿ ಗಾಯಗೊಂಡಿದ್ದಾರೆ"
ಈಜಿಪ್ಟ್ ಮುಸ್ಲಿಂ ಬ್ರದರ್‌ಹುಡ್ ಆಸ್ತಿಗಳನ್ನು ಫ್ರೀಜ್ ಮಾಡುತ್ತದೆ,ಈಜಿಪ್ಟ್ ಮುಸ್ಲಿಂ ಬ್ರದರ್‌ಹುಡ್ ನಿಧಿಯನ್ನು ಫ್ರೀಜ್ ಮಾಡುತ್ತದೆ
ದಾದಿಯ ಸಾವಿನ ಬಗ್ಗೆ ರಾಯಲ್ ದುಃಖ,ನರ್ಸ್‌ನ ಸಾವಿನಿಂದ ಕಣ್ಣೀರಿಟ್ಟ ರೇಡಿಯೋ ಕಿಡಿಗೇಡಿ
ಪುಟಿನ್ ಅವರ ಭದ್ರತಾ ನಿರ್ಬಂಧಗಳು ಹಕ್ಕುಗಳನ್ನು ಉಲ್ಲಂಘಿಸುತ್ತವೆ ಎಂದು ವಿಮರ್ಶಕರು ಹೇಳುತ್ತಾರೆ,ಸೋಚಿಗೆ ಪುಟಿನ್ ಅವರ ಭದ್ರತಾ ತೀರ್ಪು ವಿಮರ್ಶಕರ ಕೋಪವನ್ನು ಸೆಳೆಯುತ್ತದೆ
ಅಫ್ಘಾನಿಸ್ತಾನದಲ್ಲಿ ಇಬ್ಬರು ನ್ಯಾಟೋ ಸೈನಿಕರು ಕೊಲ್ಲಲ್ಪಟ್ಟರು,ಅಫ್ಘಾನಿಸ್ತಾನದ ದಾಳಿಯಲ್ಲಿ ನ್ಯಾಟೋ ಸೈನಿಕ ಹುತಾತ್ಮ
ಈಜಿಪ್ಟ್ ಸೈನ್ಯವು ಬ್ರದರ್ಹುಡ್ ಅನ್ನು ಭೇದಿಸುತ್ತದೆ,ಈಜಿಪ್ಟ್‌ನ ಸೇನೆಯು ಮುಸ್ಲಿಂ ಬ್ರದರ್‌ಹುಡ್‌ನ ಮೇಲೆ ಭೇದಿಸುತ್ತದೆ
ಕ್ರಿಟಿಕಲ್ ಗೇಟ್ಸ್ ಆತ್ಮಚರಿತ್ರೆ ಒಬಾಮಾ ಆಡಳಿತವನ್ನು ಬಂಡೆಗಳು,ಒಬಾಮಾ ಆಡಳಿತಕ್ಕೆ ಗೇಟ್ಸ್ ಸ್ಫೋಟ
"ಈಜಿಪ್ಟ್ ಹೆಚ್ಚಿನ ಪ್ರತಿಭಟನೆಗಳಿಗೆ ಬದ್ಧವಾಗಿದೆ, ಶಾಂತತೆಗಾಗಿ ಪ್ರಾರ್ಥಿಸುತ್ತದೆ","ಈಜಿಪ್ಟ್ ಮೊರ್ಸಿ ವಿರುದ್ಧ ಹೆಚ್ಚಿನ ಪ್ರತಿಭಟನೆಗಳಿಗೆ ಬದ್ಧವಾಗಿದೆ, ಶಾಂತತೆಗಾಗಿ ಪ್ರಾರ್ಥಿಸುತ್ತದೆ"
ಬ್ರೂಕ್ಸ್ ಹ್ಯಾಕಿಂಗ್ ಆರೋಪಗಳಿಗೆ ತಪ್ಪಿತಸ್ಥನಲ್ಲ ಎಂದು ಒಪ್ಪಿಕೊಳ್ಳುತ್ತಾನೆ,ಫೋನ್ ಹ್ಯಾಕಿಂಗ್ ವಿಚಾರಣೆಯಲ್ಲಿ ಬ್ರೂಕ್ಸ್ ತಪ್ಪಿತಸ್ಥನಲ್ಲ ಎಂದು ಒಪ್ಪಿಕೊಳ್ಳುತ್ತಾನೆ
ಈಜಿಪ್ಟ್‌ನಲ್ಲಿ ಮೊರ್ಸಿ ಬೆಂಬಲಿಗರು ಪ್ರತಿಭಟನೆ ನಡೆಸುತ್ತಿದ್ದಾರೆ,ಈಜಿಪ್ಟ್ ಸರ್ಕಾರದ ಬೆದರಿಕೆಗೆ ಮೊರ್ಸಿ ಬೆಂಬಲಿಗರು ಧಿಕ್ಕರಿಸಿದ್ದಾರೆ
ದಕ್ಷಿಣ ಆಫ್ರಿಕನ್ನರು ಅನಾರೋಗ್ಯದಿಂದ ಬಳಲುತ್ತಿರುವ ಮಂಡೇಲಾ ಅವರ 95 ನೇ ಹುಟ್ಟುಹಬ್ಬವನ್ನು ಗುರುತಿಸುತ್ತಾರೆ,ದಕ್ಷಿಣ ಆಫ್ರಿಕಾದ ಮಾಜಿ ಪ್ರಧಾನಿ ನೆಲ್ಸನ್ ಮಂಡೇಲಾ ಮತ್ತೆ ಆಸ್ಪತ್ರೆಗೆ
ಸರ್ಕಾರಿ ವಿರೋಧಿ ಪ್ರತಿಭಟನಾಕಾರರು ಕೈವ್‌ನ ಬೀದಿಗಳಲ್ಲಿ ದಾಳಿ ನಡೆಸಿದರು,ಉಕ್ರೇನ್ ಪ್ರತಿಭಟನಾಕಾರರು ಲೆನಿನ್ ಪ್ರತಿಮೆಯನ್ನು ಉರುಳಿಸಿದರು
ಭಾರೀ ಮಳೆಯು ಕ್ರಿಸ್‌ಮಸ್ ದಿನದ ಪ್ರವಾಹದ ಅಪಾಯವನ್ನು ಹೆಚ್ಚಿಸುತ್ತದೆ,ತಾಜಾ ಮಳೆಯು ಹೆಚ್ಚು ಪ್ರವಾಹವನ್ನು ತರುತ್ತದೆ
ವಾಯವ್ಯ ಪಾಕಿಸ್ತಾನದಲ್ಲಿ ಅಮೆರಿಕದ ಡ್ರೋನ್ ದಾಳಿಗೆ ಮೂವರು ಬಲಿ,ಉತ್ತರ ವಜೀರಿಸ್ತಾನದಲ್ಲಿ ಯುಎಸ್ ಡ್ರೋನ್ ದಾಳಿಯಲ್ಲಿ ಏಳು ಮಂದಿ ಸಾವನ್ನಪ್ಪಿದ್ದಾರೆ
ತೈವಾನ್ ಗ್ಯಾಂಗ್ ಲೀಡರ್ 17 ವರ್ಷಗಳ ನಂತರ ವಿಮಾನ ನಿಲ್ದಾಣದಲ್ಲಿ ಸಿಕ್ಕಿಬಿದ್ದಿದ್ದಾನೆ,ತೈಲ ಒಪ್ಪಂದದ ಬಗ್ಗೆ ಜಾಂಬಿಯಾ ಮಾಜಿ ನಾಯಕ ಬಂದಾನನ್ನು ಬಂಧಿಸುತ್ತದೆ
ಆರಂಭಿಕ ವಹಿವಾಟಿನಲ್ಲಿ ಷೇರುಗಳು ಏರಿಕೆಯಾಗುತ್ತವೆ,US ಸ್ಟಾಕ್‌ಗಳು ಅಸ್ಥಿರ ವ್ಯಾಪಾರದಲ್ಲಿ ಸುಲಭವಾಗಿವೆ
ಇರಾನ್ ಅಣ್ವಸ್ತ್ರ ಮಾತುಕತೆಗಳು ಪ್ರಗತಿಯ ಭರವಸೆಯ ನಡುವೆ ಪ್ರಾರಂಭವಾಗುತ್ತದೆ,ಇರಾನ್ ಪರಮಾಣು ಮಾತುಕತೆ ಜಿನೀವಾದಲ್ಲಿ ಪ್ರಾರಂಭವಾಗಿದೆ
ಹೆಲಿಕಾಪ್ಟರ್ ಅಪಘಾತಕ್ಕೂ ಭಯೋತ್ಪಾದಕ ಸಂಬಂಧವಿಲ್ಲ ಎಂದು ಯುಕೆ ಪೊಲೀಸರು ಹೇಳಿದ್ದಾರೆ,ಅಪಘಾತದ ಬಗ್ಗೆ ಚೀನಾ ಪೊಲೀಸರು ಎಂಟು ಶಂಕಿತರನ್ನು ಹುಡುಕುತ್ತಿದ್ದಾರೆ
ವಾಷಿಂಗ್ಟನ್ ಪೋಸ್ಟ್ ಅನ್ನು $250 ಮಿಲಿಯನ್‌ಗೆ ಖರೀದಿಸಲು ಅಮೆಜಾನ್‌ನ ಬೆಜೋಸ್,ಅಮೆಜಾನ್‌ನ ಬೆಜೋಸ್ ವಾಷಿಂಗ್ಟನ್ ಪೋಸ್ಟ್ ಅನ್ನು $250-M ಗೆ ಖರೀದಿಸಿದರು
"ಇರಾಕ್‌ನಲ್ಲಿ ಹಿಂಸಾತ್ಮಕ ದಾಳಿಯಲ್ಲಿ 41 ಮಂದಿ ಸಾವನ್ನಪ್ಪಿದರು, 22 ಮಂದಿ ಗಾಯಗೊಂಡಿದ್ದಾರೆ","ಇರಾಕ್‌ನಲ್ಲಿ ನಡೆದ ಹೊಸ ದಾಳಿಯಲ್ಲಿ 15 ಮಂದಿ ಸಾವನ್ನಪ್ಪಿದ್ದಾರೆ, 90 ಮಂದಿ ಗಾಯಗೊಂಡಿದ್ದಾರೆ"
ವೈಮಾನಿಕ ದಾಳಿಯ ನಂತರ ಹಿಜ್ಬುಲ್ಲಾವನ್ನು ನಿರಾಕರಿಸುವುದಾಗಿ ಇಸ್ರೇಲ್ ಪ್ರತಿಜ್ಞೆ ಮಾಡಿದೆ,ವೈಮಾನಿಕ ದಾಳಿಯ ನಂತರ ಹಿಜ್ಬುಲ್ಲಾವನ್ನು ನಿರಾಕರಿಸುವುದಾಗಿ ಇಸ್ರೇಲ್ ಪ್ರತಿಜ್ಞೆ ಮಾಡಿದೆ
"ಕೆರ್ರಿ ಜೋರ್ಡಾನ್‌ಗೆ ಭೇಟಿ ನೀಡಲಿದ್ದಾರೆ, ಇಸ್ರೇಲ್-ಪ್ಯಾಲೆಸ್ತೀನ್ ಶಾಂತಿ ಕಾರ್ಯಸೂಚಿಯಲ್ಲಿದೆ",ಕೆರ್ರಿ ಇಸ್ರೇಲ್ ಭೇಟಿಯನ್ನು ಒಂದು ವಾರದಲ್ಲಿ ಮುಂದೂಡಿದರು
ಮಧ್ಯ ಆಫ್ರಿಕಾದ ಗಣರಾಜ್ಯಕ್ಕೆ ಹೆಚ್ಚಿನ ಫ್ರೆಂಚ್ ಸೈನಿಕರು,ಮಧ್ಯ ಆಫ್ರಿಕಾದ ರಾಜಧಾನಿಯಲ್ಲಿ ನಡೆದ ಗುಂಡಿನ ಕಾಳಗಗಳು ಹೊಸ ಭೀತಿಯನ್ನು ಸೃಷ್ಟಿಸುತ್ತವೆ
ಲ್ಯಾನ್ಸ್ ಆರ್ಮ್‌ಸ್ಟ್ರಾಂಗ್ ಓಪ್ರಾಗೆ ಎಲ್ಲವನ್ನೂ ಒಪ್ಪಿಕೊಳ್ಳುತ್ತಾನೆ,ಓಪ್ರಾ ಸಂದರ್ಶನದಲ್ಲಿ ಲ್ಯಾನ್ಸ್ ಆರ್ಮ್‌ಸ್ಟ್ರಾಂಗ್ ಅವರು ಹಾಡುವುದನ್ನು ಒಪ್ಪಿಕೊಂಡಿದ್ದಾರೆ
ವಿಶೇಷ-ಅಪ್‌ಡೇಟ್ 2-ಈಜಿಪ್ಟ್ ಪರ ಮುರ್ಸಿ ಮೈತ್ರಿ ಮಾತುಕತೆಯಲ್ಲಿ ನಮ್ಯತೆಯನ್ನು ಸಂಕೇತಿಸುತ್ತದೆ,ಎಕ್ಸ್‌ಕ್ಲೂಸಿವ್-ಅಪ್‌ಡೇಟ್ 1-ಈಜಿಪ್ಟ್ ಪರ ಮುರ್ಸಿ ಮೈತ್ರಿ ಮಾತುಕತೆಯಲ್ಲಿ ನಮ್ಯತೆಯನ್ನು ಸಂಕೇತಿಸುತ್ತದೆ
ಅಕ್ಟೋಬರ್‌ನಲ್ಲಿ ಮೊದಲ ಬಾರಿಗೆ ಸಾಕರ್-ಫ್ರಾನ್ಸ್ ಆಸ್ಟ್ರೇಲಿಯಾವನ್ನು ಆಯೋಜಿಸಲಿದೆ,ವಿವಾದಾತ್ಮಕ ಹೇಳಿಕೆಗಳ ನಂತರ ಮೊದಲ ಬಾರಿಗೆ ಪ್ರಶ್ನೆಗಳನ್ನು ಎದುರಿಸಲು ಅಧಿಕಾರಿ
ಸ್ಕಾಟಿಷ್ ಪಬ್‌ಗೆ ಹೆಲಿಕಾಪ್ಟರ್ ಅಪ್ಪಳಿಸಿದ ನಂತರ ಸಾವು ದೃಢಪಟ್ಟಿದೆ,ಹೆಲಿಕಾಪ್ಟರ್ ಪಬ್‌ಗೆ ಅಪ್ಪಳಿಸಿದ ನಂತರ ಕನಿಷ್ಠ ಒಬ್ಬರು ಸತ್ತಿದ್ದಾರೆ ಎಂದು ಸ್ಕಾಟಿಷ್ ಪೊಲೀಸರು ಹೇಳಿದ್ದಾರೆ
ಸಿರಿಯಾ ರಾಸಾಯನಿಕ ಅಸ್ತ್ರಗಳನ್ನು ನಾಶಪಡಿಸಬೇಕು,ಲಿಬಿಯಾ ಕೊನೆಯ ರಾಸಾಯನಿಕ ಶಸ್ತ್ರಾಸ್ತ್ರಗಳನ್ನು ನಾಶಪಡಿಸುತ್ತದೆ
ಗ್ರೀಸ್‌ನಲ್ಲಿ 6.0 ತೀವ್ರತೆಯ ಭೂಕಂಪ ಸಂಭವಿಸಿದೆ,ಜಪಾನ್‌ನಲ್ಲಿ 5.0 ತೀವ್ರತೆಯ ಭೂಕಂಪ
ಆತ್ಮಹತ್ಯಾ ದಾಳಿಯಲ್ಲಿ ಮೂವರು ಆಫ್ಘನ್ನರು ಸಾವನ್ನಪ್ಪಿದ್ದಾರೆ,ಪೂರ್ವ ಅಫ್ಘಾನಿಸ್ತಾನದ ಯುಎಸ್ ನೆಲೆಯಲ್ಲಿ ಹೊಸ ಸ್ಫೋಟದಲ್ಲಿ ಮೂವರು ಆಫ್ಘನ್ನರು ಸಾವನ್ನಪ್ಪಿದ್ದಾರೆ
ಉಗ್ರಗಾಮಿಗಳು ಪಾಕಿಸ್ತಾನ ಜೈಲ್ ಮುರಿಯುತ್ತಾರೆ,ತಾಲಿಬಾನ್ ಜೈಲು ಬ್ರೇಕ್: ಪಾಕಿಸ್ತಾನದ ಜೈಲು ದಾಳಿ ನಂತರ 250 ಉಗ್ರರು ಪರಾರಿ
ಏಷ್ಯನ್ ಮಾರುಕಟ್ಟೆಗಳು ಲವಲವಿಕೆಯ US ಆರ್ಥಿಕ ದತ್ತಾಂಶದ ಮೇಲೆ ಲಾಭ ಪಡೆಯುತ್ತವೆ,"ಏಷ್ಯನ್ ಮಾರುಕಟ್ಟೆಗಳು ಸಕಾರಾತ್ಮಕ ಯುಎಸ್, ಚೀನಾ ಅಂಕಿಅಂಶಗಳಿಂದ ಎತ್ತಲ್ಪಟ್ಟವು"
ಉತ್ತರ ಕೊರಿಯಾ ಪರಮಾಣು ಪರೀಕ್ಷೆ ಆತಂಕವನ್ನು ಹುಟ್ಟುಹಾಕಿದೆ,ಉತ್ತರ ಕೊರಿಯಾ ಪರಮಾಣು ಪರೀಕ್ಷೆ
ಆರು ಜಾಗತಿಕ ಶಕ್ತಿಗಳು ಹೆಗ್ಗುರುತು ಪರಮಾಣು ಒಪ್ಪಂದಕ್ಕೆ ಸಹಿ ಹಾಕುತ್ತವೆ,ವಿಶ್ವ ಶಕ್ತಿಗಳು ಪರಮಾಣು ಒಪ್ಪಂದವನ್ನು ಒಪ್ಪಿಕೊಂಡಿವೆ
ನ್ಯಾಟೋ ಪ್ರತಿಭಟನಾಕಾರರು ಭಯೋತ್ಪಾದನೆ ಆರೋಪಗಳಿಂದ ಖುಲಾಸೆಗೊಂಡರು,ನ್ಯಾಟೋ ಪ್ರತಿಭಟನಾಕಾರರು ಭಯೋತ್ಪಾದನೆ-ಅಲ್ಲದ ಆರೋಪದ ಮೇಲೆ ಶಿಕ್ಷೆಗೊಳಗಾದರು
ಈಜಿಪ್ಟ್ ಘರ್ಷಣೆಯಲ್ಲಿ ನಾಲ್ವರು ಮೊರ್ಸಿ ಬೆಂಬಲಿಗರು ಕೊಲ್ಲಲ್ಪಟ್ಟರು,ಮೋರ್ಸಿ ಬೆಂಬಲಿಗರು ಭದ್ರತಾ ಪಡೆಗಳೊಂದಿಗೆ ಘರ್ಷಣೆಯಲ್ಲಿ ಹತ್ತಾರು ಮಂದಿ ಗಾಯಗೊಂಡಿದ್ದಾರೆ
ಪಾಕಿಸ್ತಾನದಲ್ಲಿ ಅಮೇರಿಕದ ಅಜೆಂಡಾದಲ್ಲಿ ತಾಲಿಬಾನ್,"ಪಾಕಿಸ್ತಾನದಲ್ಲಿ ಭಾರೀ ಭೂಕಂಪ ಸಂಭವಿಸಿದ್ದು, ಕನಿಷ್ಠ 33 ಮಂದಿ ಸಾವನ್ನಪ್ಪಿದ್ದಾರೆ"
ಪ್ರಕರಣದಿಂದ ಪಿಸ್ಟೋರಿಯಸ್ ಅಧಿಕಾರಿ ಕೈಬಿಟ್ಟರು,ಕೊಲೆ ಯತ್ನ ಆರೋಪದ ಮೇಲೆ ಪಿಸ್ಟೋರಿಯಸ್ ಅಧಿಕಾರಿ
ಈಜಿಪ್ಟ್ ಆಂತರಿಕ ಸಚಿವರು ಬಾಂಬ್ ನಿಂದ ಬದುಕುಳಿದಿದ್ದಾರೆ,ಈಜಿಪ್ಟ್‌ನ ಆಂತರಿಕ ಸಚಿವರು ಬಾಂಬ್ ದಾಳಿಯಿಂದ ಪಾರಾಗಿದ್ದಾರೆ
ಷೇರುಗಳು 0.39% ಹೆಚ್ಚಿನದನ್ನು ಮುಚ್ಚುತ್ತವೆ,ಷೇರುಗಳು 2.47% ಹೆಚ್ಚಿನದನ್ನು ಮುಚ್ಚುತ್ತವೆ
ಸಿರಿಯಾ ಕ್ರಮದ ಬಗ್ಗೆ ಒಬಾಮಾ ಮಾತುಕತೆ ನಡೆಸಿದ್ದಾರೆ,ಸಿರಿಯಾ ಮಿಲಿಟರಿ ಕ್ರಮದ ಬಗ್ಗೆ ಸಂಸತ್ತಿನ ಮತವನ್ನು ಕ್ಯಾಮರೂನ್ ಕಳೆದುಕೊಂಡರು
ಸೆಂಟ್ರಲ್ ಸಿರಿಯಾದಲ್ಲಿ ಬೇಕರಿ ಮೇಲೆ ನಡೆದ ವೈಮಾನಿಕ ದಾಳಿಯಲ್ಲಿ ಹತ್ತಾರು ಮಂದಿ ಸಾವನ್ನಪ್ಪಿದ್ದಾರೆ,ಬೇಕರಿ ಮೇಲೆ ಸಿರಿಯನ್ ವೈಮಾನಿಕ ದಾಳಿಯಲ್ಲಿ ಹತ್ತಾರು ಜನರು ಸತ್ತರು
ಝೆನ್ ವರದಿ: ಹೆಚ್ಚಿನ ನಿರ್ವಹಣೆ ಸುಲಭವಲ್ಲ,ರಷ್ಯಾದ ಉಲ್ಕಾಶಿಲೆ ಕಟ್ಟಡವನ್ನು ತೆರೆದುಕೊಳ್ಳುತ್ತದೆ
ಕೆನಡಾದಲ್ಲಿ ಪ್ರವಾಹವು ಮತ್ತೊಂದು ನಗರವನ್ನು ಸ್ಥಳಾಂತರಿಸಲು ಒತ್ತಾಯಿಸುತ್ತದೆ,ಕ್ಯಾಲಿಫೋರ್ನಿಯಾ ಕಾಳ್ಗಿಚ್ಚು ಮನೆಗಳು ಮತ್ತು ವಿಶ್ವವಿದ್ಯಾನಿಲಯವನ್ನು ಸ್ಥಳಾಂತರಿಸಲು ಒತ್ತಾಯಿಸುತ್ತದೆ
ಆಸ್ಟ್ರೇಲಿಯಾದ ನೂತನ ಪ್ರಧಾನಿಯಾಗಿ ಟೋನಿ ಅಬಾಟ್ ಪ್ರಮಾಣ ವಚನ ಸ್ವೀಕರಿಸಿದರು,ಆಸ್ಟ್ರೇಲಿಯಾ ಪ್ರಧಾನಿಯಾಗಿ ಟೋನಿ ಅಬಾಟ್ ಪ್ರಮಾಣ ವಚನ ಸ್ವೀಕಾರ
ಮಂಡೇಲಾ 'ಸ್ಫೂರ್ತಿ' ಶ್ಲಾಘಿಸಿದ ಒಬಾಮಾ,ಮಂಡೇಲಾ ಅವರ ಸ್ಫೂರ್ತಿ ಪರಿಣಾಮವನ್ನು ಒಬಾಮಾ ಶ್ಲಾಘಿಸಿದ್ದಾರೆ
ಚಾವೆಜ್ ಆರೋಗ್ಯ ಬಿಕ್ಕಟ್ಟಿನ ನಡುವೆ ವೆನೆಜುವೆಲಾ ಅಸೆಂಬ್ಲಿ ಸಭೆ ಸೇರಿದೆ,ಚವೆಜ್ ಬಿಕ್ಕಟ್ಟಿನ ನಡುವೆ ಅಸೆಂಬ್ಲಿ ಸಭೆ
ರಾಸಾಯನಿಕ ಶಸ್ತ್ರಾಸ್ತ್ರಗಳನ್ನು ಘೋಷಿಸಲು ಮತ್ತು ಸಮಾವೇಶಕ್ಕೆ ಸಹಿ ಹಾಕಲು ಸಿರಿಯಾ,"ರಷ್ಯಾ, ಸಿರಿಯಾ 'ಕಾಂಕ್ರೀಟ್' ರಾಸಾಯನಿಕ ಶಸ್ತ್ರಾಸ್ತ್ರಗಳ ಯೋಜನೆಯಲ್ಲಿ ಕೆಲಸ ಮಾಡುತ್ತವೆ"
ಸಿರಿಯಾ ವಿರೋಧವು ಮಾತುಕತೆಗಳನ್ನು ತೊರೆಯುವುದಾಗಿ ಬೆದರಿಕೆ ಹಾಕಿದೆ,ಸಿರಿಯಾ ವಿರೋಧವು ಮಾತುಕತೆಗೆ ಒಪ್ಪಿಗೆ ನೀಡಿದೆ
ಕ್ರಿಸ್‌ಮಸ್‌ಗಾಗಿ ಬೆಥ್‌ಲೆಹೆಮ್‌ನಲ್ಲಿ ಜನಸಮೂಹ ಸೇರುತ್ತದೆ,ನಿಜವಾಗಿ ಬೆಥ್ ಲೆಹೆಮ್ನ ಪುಟ್ಟ ಪಟ್ಟಣ
ಪಾಕಿಸ್ತಾನದಲ್ಲಿ ಆತ್ಮಾಹುತಿ ಬಾಂಬ್ ದಾಳಿ ಪೊಲೀಸ್ ಅಧಿಕಾರಿ ಬಲಿ,ಪಾಕಿಸ್ತಾನದಲ್ಲಿ ಆತ್ಮಹತ್ಯಾ ಬಾಂಬರ್‌ಗಳು 3 ಸೈನಿಕರನ್ನು ಕೊಂದಿದ್ದಾರೆ
ಸಿರಿಯನ್ ಗಡಿಯಲ್ಲಿ ಪೇಟ್ರಿಯಾಟ್ ಕ್ಷಿಪಣಿ ಬ್ಯಾಟರಿ ಕಾರ್ಯನಿರ್ವಹಿಸುತ್ತಿದೆ,"ಪೇಟ್ರಿಯಾಟ್ ಕ್ಷಿಪಣಿ ಬ್ಯಾಟರಿಗಳು, ಸಿರಿಯನ್ ಗಡಿಯ ಬಳಿ ಜೋರ್ಡಾನ್‌ನಲ್ಲಿ ಉಳಿಯಲು ಪಡೆಗಳು"
ಭಯೋತ್ಪಾದನೆ ಆರೋಪಗಳಿಗಾಗಿ ಚಿಕಾಗೋ ವ್ಯಕ್ತಿಗೆ ಶಿಕ್ಷೆ,ಕಾಬೂಲ್ ಬ್ಯಾಂಕ್ ಮುಖ್ಯಸ್ಥರಿಗೆ ಭ್ರಷ್ಟಾಚಾರದ ಶಿಕ್ಷೆ
ದೀರ್ಘಕಾಲ ವಿಳಂಬಗೊಂಡ ಶಾಸಕಾಂಗ ಮತದಾನದಲ್ಲಿ ಗಿನಿಯಾ ಮತಗಳು,ಗಿನಿಯಾದ ಜನರು ಶಾಸಕಾಂಗ ಚುನಾವಣೆಯಲ್ಲಿ ಮತ ಚಲಾಯಿಸುತ್ತಾರೆ
"ಟ್ರ್ಯಾಕ್ ದೋಷವು ರಾಫೆಲ್ಸ್ ಪ್ಲೇಸ್, ಮರೀನಾ ಬೇ ನಡುವಿನ ರೈಲು ಸೇವೆಯನ್ನು ಅಡ್ಡಿಪಡಿಸುತ್ತದೆ",ರಾಫೆಲ್ಸ್ ಪ್ಲೇಸ್ ಮತ್ತು ಮರೀನಾ ಬೇ ನಡುವೆ ರೈಲು ಸೇವೆ ಸ್ಥಗಿತಗೊಂಡಿದೆ
ಹೆಬ್ರಾನ್‌ನಲ್ಲಿ ಇಸ್ರೇಲಿ ಸೈನಿಕ ಪ್ಯಾಲೇಸ್ಟಿನಿಯನ್ ಮಗುವಿಗೆ ಹೊಡೆದನು,ಇಸ್ರೇಲಿ ಸೈನಿಕರು ಪಶ್ಚಿಮ ದಂಡೆಯಲ್ಲಿ ಪ್ಯಾಲೇಸ್ಟಿನಿಯನ್ ಮಹಿಳೆಯನ್ನು ಕೊಂದರು
ಸರ್ಕಾರಿ ರಹಸ್ಯಗಳನ್ನು ಸೋರಿಕೆ ಮಾಡಿದ್ದಕ್ಕಾಗಿ ಮ್ಯಾನಿಂಗ್‌ಗೆ 35 ವರ್ಷಗಳ ಶಿಕ್ಷೆ,ನಕಲಿ ಬಾಂಬ್ ಡಿಟೆಕ್ಟರ್‌ಗಳನ್ನು ಮಾರಾಟ ಮಾಡಿದ್ದಕ್ಕಾಗಿ ಬ್ರಿಟನ್‌ಗೆ 10 ವರ್ಷಗಳ ಜೈಲು ಶಿಕ್ಷೆ
ಈಜಿಪ್ಟ್ ಸೇನೆಯು ಸಿನಾಯ್ ಉಗ್ರಗಾಮಿಗಳ ಮೇಲೆ ಹೊಸ ವೈಮಾನಿಕ ದಾಳಿಯನ್ನು ಪ್ರಾರಂಭಿಸಿದೆ,ಸಿನಾಯ್ ಉಗ್ರಗಾಮಿಗಳ ವಿರುದ್ಧ ಈಜಿಪ್ಟ್ ಹೊಸ ದಾಳಿಯನ್ನು ಪ್ರಾರಂಭಿಸಿದೆ
ರಷ್ಯಾದ ದಕ್ಷಿಣದಲ್ಲಿ ಆತ್ಮಾಹುತಿ ಬಾಂಬರ್ 13 ಸಾವು,ರಷ್ಯಾದ ವೋಲ್ಗೊಗ್ರಾಡ್‌ನಲ್ಲಿ ಆತ್ಮಹತ್ಯಾ ಬಾಂಬರ್‌ನಲ್ಲಿ 16 ಮಂದಿ ಸಾವನ್ನಪ್ಪಿದ್ದಾರೆ
ಅಫ್ಘಾನ್ ಶಾಸಕರು ಹೊಸ ಚುನಾವಣಾ ಕಾನೂನನ್ನು ಅನುಮೋದಿಸಿದ್ದಾರೆ,ಅಫ್ಘಾನ್ ಅಧ್ಯಕ್ಷರು ಹೊಸ ಚುನಾವಣಾ ಕಾನೂನನ್ನು ಅನುಮೋದಿಸಿದ್ದಾರೆ
ಯೂರೋಜೋನ್ ನಿರುದ್ಯೋಗವು ಹೊಸ ದಾಖಲೆಯ ಎತ್ತರವನ್ನು ತಲುಪಿದೆ,ಯುರೋಪ್ ನಿರುದ್ಯೋಗ ಹೊಸ ದಾಖಲೆಯನ್ನು ಮುಟ್ಟಿದೆ
ಸ್ಯಾನ್ ಫ್ರಾನ್ಸಿಸ್ಕೋ ವಿಮಾನ ನಿಲ್ದಾಣದಲ್ಲಿ ಬೋಯಿಂಗ್ 777 ಜೆಟ್ ಕ್ರ್ಯಾಶ್ ಆಗಿ ಹತ್ತಾರು ಜನರು ಗಾಯಗೊಂಡಿದ್ದಾರೆ,ಏಷಿಯಾನಾ ಏರ್ ಬೋಯಿಂಗ್ 777 ಸ್ಯಾನ್ ಫ್ರಾನ್ಸಿಸ್ಕೋ ವಿಮಾನ ನಿಲ್ದಾಣದಲ್ಲಿ ಕ್ರ್ಯಾಶ್ ಲ್ಯಾಂಡ್ ಆಗಿದೆ
"ನೆಲ್ಸನ್ ಮಂಡೇಲಾ ಅವರ ನಿಜವಾದ ಹೀರೋ ಗಾಂಧಿ ಅಲ್ಲ, ನೆಹರೂ",ನೆಲ್ಸನ್ ಮಂಡೇಲಾ ಅವರ ಆರೋಗ್ಯ 'ಅಸ್ಥಿರ'
ಗಡುವು ಸಮೀಪಿಸುತ್ತಿದ್ದಂತೆ ವಜ್ರದ ಒಪ್ಪಂದದ ಮೇಲೆ ಮತ ಚಲಾಯಿಸಲು US ಸೆನೆಟ್,ವಜ್ರ ಒಪ್ಪಂದದ ಮೇಲಿನ ಮತದಾನವನ್ನು ಯುಎಸ್ ವಿಳಂಬಗೊಳಿಸುತ್ತದೆ
ಒಬಾಮಾ ಒಬಾಮಾಕೇರ್‌ಗೆ ಸಹಿ ಹಾಕಿದರು,ಅಮೆರಿಕನ್ನರು ಗಡುವಿನೊಳಗೆ ಒಬಾಮಾಕೇರ್‌ಗೆ ಸೈನ್ ಅಪ್ ಮಾಡಲು ಹರಸಾಹಸ ಪಡುತ್ತಾರೆ
ಕೊಲೊರಾಡೋ ಹಿಮಕುಸಿತದಲ್ಲಿ 5 ಜನರನ್ನು ಸಮಾಧಿ ಮಾಡಲಾಗಿದೆ,ಕೊಲೊರಾಡೋ ಹಿಮಕುಸಿತದಲ್ಲಿ 5 ಸ್ನೋಬೋರ್ಡರ್‌ಗಳು ಸಾವನ್ನಪ್ಪಿದ್ದಾರೆ
"ಆಂಡಿ ಮುರ್ರೆ ನೈಟ್‌ಹುಡ್‌ಗೆ ಅರ್ಹರು, ಡೇವಿಡ್ ಕ್ಯಾಮರೂನ್ ಹೇಳುತ್ತಾರೆ",ಡೇವಿಡ್ ಕ್ಯಾಮರೂನ್: ಆಂಡಿ ಮುರ್ರೆ ನೈಟ್‌ಹುಡ್‌ಗೆ ಅರ್ಹರಾಗಿದ್ದಾರೆ
ಆರೋಗ್ಯ ಸಮಸ್ಯೆಯಿಂದ ಆಸ್ಪತ್ರೆಯಲ್ಲಿ ಇರಾಕ್ ಅಧ್ಯಕ್ಷ,ಪಾರ್ಶ್ವವಾಯುವಿಗೆ ಒಳಗಾದ ಇರಾಕ್ ಅಧ್ಯಕ್ಷ ಆಸ್ಪತ್ರೆಯಲ್ಲಿ
ಬೆಂಗಾಜಿಯ ಮೇಲೆ US ಸ್ಟೇಟ್ ಡಿಪಾರ್ಟ್ಮೆಂಟ್ ತಪ್ಪಾಗಿದೆ,ಬೆಂಗಾಜಿ ನಂತರ ರಾಜ್ಯ ಇಲಾಖೆಯ ಭದ್ರತಾ ಮುಖ್ಯಸ್ಥರು ರಾಜೀನಾಮೆ ನೀಡಿದರು
ನ್ಯೂ ಓರ್ಲಿಯನ್ಸ್ ಶೂಟಿಂಗ್‌ನಲ್ಲಿ 19 ಮಂದಿ ಗಾಯಗೊಂಡಿದ್ದಾರೆ,ಮದರ್ಸ್ ಡೇ ಶೂಟಿಂಗ್ ನಲ್ಲಿ 19 ಮಂದಿ ಗಾಯಗೊಂಡಿದ್ದಾರೆ
ಮಧ್ಯ ಮೆಡಿಟರೇನಿಯನ್ ಸಮುದ್ರದಲ್ಲಿ ಮಧ್ಯಮ ನಡುಕ,ಇರಾನ್: ಮಧ್ಯಮ ಅಭ್ಯರ್ಥಿ ಅಧ್ಯಕ್ಷೀಯ ಮತವನ್ನು ಗೆದ್ದಿದ್ದಾರೆ
"ರಷ್ಯಾಕ್ಕೆ ವಿಮಾನಗಳಲ್ಲಿ ಕ್ಯಾರಿ-ಆನ್ ದ್ರವಗಳು, ಜೆಲ್‌ಗಳನ್ನು ಯುಎಸ್ ನಿಷೇಧಿಸಿದೆ",ರಷ್ಯಾಕ್ಕೆ ನೇರ ವಿಮಾನಗಳಲ್ಲಿ ಕ್ಯಾರಿ-ಆನ್ ದ್ರವಗಳನ್ನು US ನಿಷೇಧಿಸಿದೆ
"ಸಿನಾಯ್‌ನಲ್ಲಿ ಈಜಿಪ್ಟ್ ಮಿಲಿಟರಿಗೆ ಆತ್ಮಹತ್ಯಾ ಬಾಂಬ್‌ಗಳು ಹೊಡೆದವು, 6 ಕೊಲ್ಲಲ್ಪಟ್ಟರು","ಸಿನೈನಲ್ಲಿ ಈಜಿಪ್ಟ್ ಮಿಲಿಟರಿಗೆ ಆತ್ಮಾಹುತಿ ಬಾಂಬ್ ದಾಳಿ, 4 ಸಾವು"
ಮಲೇಷ್ಯಾವು ನಿಕಟವಾಗಿ ಸ್ಪರ್ಧಿಸುವ ಚುನಾವಣೆಗೆ ಮೇ 5 ರಂದು ದಿನಾಂಕವನ್ನು ನಿಗದಿಪಡಿಸುತ್ತದೆ,ಮಲೇಷ್ಯಾ ಹೆಗ್ಗುರುತು ಚುನಾವಣೆಗೆ ದಿನಾಂಕವನ್ನು ನಿಗದಿಪಡಿಸುತ್ತದೆ
ಪರೀಕ್ಷೆಗಾಗಿ ಆಸ್ಪತ್ರೆಯಲ್ಲಿ ನೆಲ್ಸನ್ ಮಂಡೇಲಾ,ದಕ್ಷಿಣ ಆಫ್ರಿಕಾ: ಪರೀಕ್ಷೆಗಾಗಿ ಆಸ್ಪತ್ರೆಯಲ್ಲಿ ಮಂಡೇಲಾ
ಇರಾನ್ ಅಧ್ಯಕ್ಷರು ಹೊಸ ಪರಮಾಣು ಮಾತುಕತೆಗೆ ಕರೆ ನೀಡಿದ್ದಾರೆ,ಅಣ್ವಸ್ತ್ರ ಮಾತುಕತೆ ವಿಫಲವಾಗಿರುವುದಕ್ಕೆ ಇರಾನ್ ಸಚಿವರು ಪಶ್ಚಿಮವನ್ನು ದೂಷಿಸಿದ್ದಾರೆ
ವಿದ್ಯಾರ್ಥಿಗಳು ಆಕಾಶವಾಣಿಯಲ್ಲಿ ಸವಾರಿ ಮಾಡುತ್ತಾರೆ,ತೈವಾನ್‌ನಲ್ಲಿ 5.5 ತೀವ್ರತೆಯ ಭೂಕಂಪ ಸಂಭವಿಸಿದೆ
ಅಫ್ಘಾನಿಸ್ತಾನದಲ್ಲಿ 4 ಇರಾನ್ ಸೈನಿಕರು ಕೊಲ್ಲಲ್ಪಟ್ಟರು,ಅಫ್ಘಾನಿಸ್ತಾನದಲ್ಲಿ ಎಂಟು ಇರಾನ್ ಸೈನಿಕರು ಕೊಲ್ಲಲ್ಪಟ್ಟರು
ವಿನ್ನಿ ಜೋನ್ಸ್ ಕ್ಯಾನ್ಸರ್ ಯುದ್ಧವನ್ನು ಹೊಸದನ್ನು ಬಹಿರಂಗಪಡಿಸಿದ್ದಾರೆ,ವಿನ್ನಿ ಜೋನ್ಸ್ ಅವರಿಗೆ ಚರ್ಮದ ಕ್ಯಾನ್ಸರ್ ಇದೆ ಎಂದು ಬಹಿರಂಗಪಡಿಸಿದರು
ಮಂಡೇಲಾ ಆಸ್ಪತ್ರೆಯಲ್ಲಿ ಕ್ರಿಸ್ಮಸ್ ಕಳೆಯಲು,ಮಂಡೇಲಾ ಚಿತ್ರ ಇದೇ ತಿಂಗಳು ದಕ್ಷಿಣ ಆಫ್ರಿಕಾದಲ್ಲಿ ತೆರೆಕಾಣಲಿದೆ
ಪಾಕಿಸ್ತಾನದ ತಾಲಿಬಾನ್ ಮುಖ್ಯಸ್ಥ ಹಕೀಮುಲ್ಲಾ ಮೆಹ್ಸೂದ್ ಡ್ರೋನ್ ದಾಳಿಯಲ್ಲಿ ಕೊಲ್ಲಲ್ಪಟ್ಟರು,ಹಕೀಮುಲ್ಲಾನನ್ನು ರಕ್ತಪಾತದಲ್ಲಿ ಕೊಂದಿದ್ದಕ್ಕೆ ಪ್ರತೀಕಾರ ತೀರಿಸುವುದಾಗಿ ಪಾಕಿಸ್ತಾನದ ತಾಲಿಬಾನ್ ಪ್ರತಿಜ್ಞೆ ಮಾಡಿದೆ
ನ್ಯಾಯಾಧೀಶರು ಜೇಮ್ಸ್ ಹೋಮ್ಸ್‌ಗೆ ತಪ್ಪಿತಸ್ಥರಲ್ಲ ಎಂದು ಮನವಿ ಮಾಡಿದರು,ಜೇಮ್ಸ್ ಹೋಮ್ಸ್‌ಗೆ ಅಪರಾಧಿ ಅಲ್ಲ
ಪಾಕಿಸ್ತಾನದಲ್ಲಿ ಬಂದೂಕುಧಾರಿಗಳು ಒಬ್ಬ ಸೈನಿಕನನ್ನು ಕೊಂದು ಇಬ್ಬರನ್ನು ಗಾಯಗೊಳಿಸಿದ್ದಾರೆ,ಪಾಕಿಸ್ತಾನದಲ್ಲಿ ಬಂದೂಕುಧಾರಿಗಳು 6 ಪೋಲಿಯೋ ಕಾರ್ಮಿಕರನ್ನು ಕೊಂದಿದ್ದಾರೆ
ಧವನ್ ಭಾರತವನ್ನು ದಕ್ಷಿಣ ಆಫ್ರಿಕಾ ವಿರುದ್ಧ ಭರ್ಜರಿ ಜಯ ಸಾಧಿಸಿದರು,ಧವನ್ ಶತಕದ ನೆರವಿನಿಂದ ಭಾರತ ಟ್ರೋಫಿಯಲ್ಲಿ ದಕ್ಷಿಣ ಆಫ್ರಿಕಾ ವಿರುದ್ಧ ಗೆಲುವು ಸಾಧಿಸಿದೆ
ಸಿರಿಯಾದ ರಾಸಾಯನಿಕ ಶಸ್ತ್ರಾಸ್ತ್ರಗಳ ನಾಶ ಪ್ರಾರಂಭವಾಗುತ್ತದೆ,ಸಿರಿಯಾದ ರಾಸಾಯನಿಕ ಶಸ್ತ್ರಾಸ್ತ್ರಗಳ ನಾಶವು ಕಷ್ಟಕರವೆಂದು ಸಾಬೀತುಪಡಿಸಬಹುದು
ಅಪ್ಲಿಕೇಶನ್ ಚಾಲಕರನ್ನು ಅಲಾಸ್ಕಾ ವಿಮಾನ ನಿಲ್ದಾಣದ ರನ್ವೇಗೆ ನಿರ್ದೇಶಿಸುತ್ತದೆ,ಅಪ್ಲಿಕೇಶನ್ ಚಾಲಕರನ್ನು ವಿಮಾನ ನಿಲ್ದಾಣಕ್ಕೆ ಕಳುಹಿಸುತ್ತದೆ
ಅಮೆರಿಕದ ಡ್ರೋನ್‌ಗಳು ಪಾಕಿಸ್ತಾನದ ಸಾರ್ವಭೌಮತ್ವವನ್ನು ಉಲ್ಲಂಘಿಸುತ್ತದೆ ಎಂದು ವಿಶ್ವಸಂಸ್ಥೆ ಹೇಳಿದೆ,ವಿಶ್ವಸಂಸ್ಥೆ: ಅಮೆರಿಕದ ಡ್ರೋನ್ ದಾಳಿಗಳು ಪಾಕಿಸ್ತಾನದ ಸಾರ್ವಭೌಮತ್ವವನ್ನು ಉಲ್ಲಂಘಿಸುತ್ತವೆ
ವೆನೆಜುವೆಲಾ ಜೈಲು ಗಲಭೆಯಲ್ಲಿ 61 ಮಂದಿ ಸಾವನ್ನಪ್ಪಿದ್ದಾರೆ,ವೆನೆಜುವೆಲಾ ಜೈಲು ಗಲಭೆಯಲ್ಲಿ ಹತ್ತಾರು ಜನರು ಸಾವನ್ನಪ್ಪಿದ್ದಾರೆ ಎಂದು ವರದಿಯಾಗಿದೆ
"ಒಬಾಮಾ ಇಸ್ರೇಲ್, ಪ್ಯಾಲೆಸ್ತೀನಿಯರು 'ಕೇಳಲು' ಬರುತ್ತಿದ್ದಾರೆ",ಇಸ್ರೇಲಿ-ಪ್ಯಾಲೇಸ್ಟಿನಿಯನ್ ಮಾತುಕತೆಗಾಗಿ ಅರಬ್ ಯೋಜನೆಯನ್ನು ಕೆರ್ರಿ ಸ್ವಾಗತಿಸಿದ್ದಾರೆ
ಉತ್ತರ ಕೊರಿಯಾ ಕುಟುಂಬ ಪುನರ್ಮಿಲನವನ್ನು ಮುಂದೂಡಿದೆ,ಉತ್ತರ ಕೊರಿಯಾ ಯುದ್ಧ-ಹಾನಿಗೊಳಗಾದ ಕುಟುಂಬ ಒಕ್ಕೂಟಗಳನ್ನು ಮುಂದೂಡಿದೆ
ನೈಜೀರಿಯಾ ಪೊಲೀಸ್ ದಾಳಿಯಲ್ಲಿ ಸಾವಿನ ಸಂಖ್ಯೆ 30 ಕ್ಕೆ ಏರಿಕೆಯಾಗಿದೆ,ಕೀನ್ಯಾ ಬಸ್ ದಾಳಿಯಲ್ಲಿ ಸಾವಿನ ಸಂಖ್ಯೆ ಆರಕ್ಕೆ ಏರಿದೆ
ರಾಣಿ ನೆಲ್ಸನ್ ಮಂಡೇಲಾ ಅವರಿಗೆ ಗೌರವ ಸಲ್ಲಿಸಿದರು,ಯುಎಸ್ ಅಧ್ಯಕ್ಷರು ಮಂಡೇಲಾ ಅವರಿಗೆ ಗೌರವ ಸಲ್ಲಿಸಿದರು
ಹೆಚ್ಚುತ್ತಿರುವ ರಾಷ್ಟ್ರೀಯ ಸಾಲದ ಸೀಲಿಂಗ್ ಅನ್ನು ರದ್ದುಗೊಳಿಸಲು ಆಸ್ಟ್ರೇಲಿಯಾ,ಆಸ್ಟ್ರೇಲಿಯಾದ ಪ್ರಧಾನಿ ಇಂಡೋನೇಷ್ಯಾದೊಂದಿಗೆ ಯಾವುದೇ ವಾದವನ್ನು ಒತ್ತಾಯಿಸುವುದಿಲ್ಲ
ಇರಾಕ್ ಹಿಂಸಾಚಾರದಲ್ಲಿ 11 ಮಂದಿ ಸಾವನ್ನಪ್ಪಿದ್ದಾರೆ,ಇರಾಕ್ ಹಿಂಸಾಚಾರದಲ್ಲಿ ಏಳು ಮಂದಿ ಸಾವನ್ನಪ್ಪಿದ್ದಾರೆ
ಇಟಲಿಯ ಪ್ರಧಾನಿ ಮಾರಿಯೋ ಮೊಂಟಿ ರಾಜೀನಾಮೆ,ಪ್ಯಾಲೆಸ್ತೀನ್ ಪ್ರಧಾನಿ ಫಯ್ಯದ್ ರಾಜೀನಾಮೆ
ಸಿರಿಯಾ ಯುಎಸ್ ಅನ್ನು ತಿರಸ್ಕರಿಸಿದೆ ಎಂದು ಯುಕೆ ರಾಸಾಯನಿಕ ಶಸ್ತ್ರಾಸ್ತ್ರಗಳು ಹೇಳಿಕೊಂಡಿವೆ,ಸಿರಿಯಾ ರಾಸಾಯನಿಕ ಶಸ್ತ್ರಾಸ್ತ್ರಗಳನ್ನು ಬಳಸಿದೆ ಎಂದು ಯುಎಸ್ ಶಂಕಿಸಿದೆ
ಪರಮಾಣು ಮಾತುಕತೆಯಲ್ಲಿ ಗಂಭೀರ ಸಮಸ್ಯೆಗಳು ಉಳಿದಿವೆ ಎಂದು ಇರಾನ್ ಹೇಳಿದೆ,"""ಶಾಂತಿಯುತ"" ಪರಮಾಣು ಕಾರ್ಯಕ್ರಮವನ್ನು ಸಂರಕ್ಷಿಸಲು ಇರಾನ್ ಪ್ರತಿಜ್ಞೆ ಮಾಡಿದೆ"
ಇರಾನ್ ಪರಮಾಣು ಒಪ್ಪಂದವನ್ನು ಸಿರಿಯಾ ಸ್ವಾಗತಿಸುತ್ತದೆ,ಆರು ವಿಶ್ವ ಶಕ್ತಿಗಳು ಪರಮಾಣು ಒಪ್ಪಂದವನ್ನು ಸಾಧಿಸುತ್ತವೆ
ಸುಡಾನ್‌ನ ಡಾರ್ಫುರ್‌ನಲ್ಲಿ ಏಳು ಶಾಂತಿಪಾಲಕರು ಕೊಲ್ಲಲ್ಪಟ್ಟರು,ಅಬೈ ಘರ್ಷಣೆಯಲ್ಲಿ ಶಾಂತಿಪಾಲಕ ಕೊಲ್ಲಲ್ಪಟ್ಟರು
ತಾನು ಡ್ರೋನ್ ವಶಪಡಿಸಿಕೊಂಡಿರುವುದಾಗಿ ಇರಾನ್ ಹೇಳುತ್ತದೆ ಆದರೆ ಯುಎಸ್ ಒಂದನ್ನು ಕಳೆದುಕೊಳ್ಳುವುದನ್ನು ನಿರಾಕರಿಸಿದೆ,ಯುಎಸ್ ಡ್ರೋನ್ ಅನ್ನು ವಶಪಡಿಸಿಕೊಂಡಿದೆ ಎಂದು ಇರಾನ್ ಹೇಳುತ್ತದೆ ಆದರೆ ಅದು ನಿಜವಲ್ಲ ಎಂದು ಯುಎಸ್ ಹೇಳಿದೆ
ಸ್ಥಗಿತಗೊಂಡ ಮೂರನೇ ದಿನದಂದು ಯುಎಸ್ ಷೇರುಗಳು ಕುಸಿಯುತ್ತವೆ,ಸರ್ಕಾರ ಸ್ಥಗಿತಗೊಂಡ ಮೂರನೇ ದಿನದಂದು ಷೇರುಗಳು ಕುಸಿಯುತ್ತವೆ
ವರದಿಗಾರರ ಔತಣಕೂಟದಲ್ಲಿ ಒಬಾಮಾ ತಮ್ಮ ಬಗ್ಗೆ ತಮಾಷೆ ಮಾಡಿಕೊಂಡಿದ್ದಾರೆ,ಪತ್ರಿಕಾ ಭೋಜನದ ಸಮಯದಲ್ಲಿ ಒಬಾಮಾ ವಿಮರ್ಶಕರನ್ನು ತಮಾಷೆ ಮಾಡುತ್ತಾರೆ
ಸಿರಿಯಾದ ಮೇಲೆ ಇಸ್ರೇಲಿ ದಾಳಿಗಳ ಬಗ್ಗೆ ಯುಎನ್ ಎಚ್ಚರಿಕೆಯನ್ನು ಧ್ವನಿಸುತ್ತದೆ,ಇಸ್ರೇಲಿ ಅಧಿಕಾರಿ ಸಿರಿಯಾದಲ್ಲಿ ಎರಡನೇ ವೈಮಾನಿಕ ದಾಳಿಯನ್ನು ಖಚಿತಪಡಿಸಿದ್ದಾರೆ
ವಾಯುವ್ಯ ಪಾಕಿಸ್ತಾನದಲ್ಲಿ ಬಂದೂಕುಧಾರಿಗಳು ಒಂಬತ್ತು ಜನರನ್ನು ಕೊಂದಿದ್ದಾರೆ,ಇರಾಕ್‌ನಲ್ಲಿ ಬಂದೂಕುಧಾರಿಗಳು 3 ಪೊಲೀಸರನ್ನು ಕೊಂದಿದ್ದಾರೆ
ಫ್ರೆಂಚ್ ಪಡೆಗಳು ಅಲ್-ಖೈದಾದ ಮಾಲಿ ಮಿತ್ರರಾಷ್ಟ್ರಗಳ ಮೇಲೆ ದಾಳಿ ಮಾಡುತ್ತವೆ,ಉತ್ತರ ಮಾಲಿಯನ್ನು ಹಿಂಪಡೆಯಲು ಯುದ್ಧ: ನೂರಾರು ಫ್ರೆಂಚ್ ಪಡೆಗಳು ಅಲ್-ಖೈದಾ-ಸಂಬಂಧಿತ ಬಂಡುಕೋರರನ್ನು ಹಿಂದಕ್ಕೆ ಓಡಿಸುತ್ತವೆ
ನೈಜರ್‌ನಲ್ಲಿ ಆತ್ಮಾಹುತಿ ದಾಳಿಯಲ್ಲಿ ಇಸ್ಲಾಮಿಸ್ಟ್‌ಗಳು 21 ಮಂದಿಯನ್ನು ಕೊಂದಿದ್ದಾರೆ,ಸಿರಿಯಾದ ಗಡಿಗೆ ಸಮೀಪವಿರುವ ಟರ್ಕಿಶ್ ಪಟ್ಟಣದಲ್ಲಿ ಕಾರ್ ಬಾಂಬ್‌ಗಳು 20 ಜನರನ್ನು ಕೊಂದವು
ಸಿರಿಯಾ ಆಡಳಿತವು ಶಾಂತಿ ಸಮ್ಮೇಳನದಲ್ಲಿ ಭಾಗವಹಿಸಲು ಒಪ್ಪಿದೆ,"ಸಿರಿಯಾ, ಪ್ರತಿಪಕ್ಷಗಳು ಶಾಂತಿ ಸಮ್ಮೇಳನದಲ್ಲಿ ಪಾಲ್ಗೊಳ್ಳಲು 'ತಾತ್ವಿಕವಾಗಿ' ಒಪ್ಪಿಕೊಳ್ಳುತ್ತವೆ"
ಸ್ನೋಡೆನ್ ತಂದೆ ಮಾಸ್ಕೋಗೆ ಆಗಮಿಸುತ್ತಾನೆ,ಮಾಸ್ಕೋದಲ್ಲಿ ಎಡ್ವರ್ಡ್ ಸ್ನೋಡೆನ್ ಅವರ ತಂದೆ
ಅಲ್ಜೀರಿಯಾ ಅಲ್ ಖೈದಾ ಒತ್ತೆಯಾಳುಗಳನ್ನು ರಕ್ಷಿಸಲು ಮಿಲಿಟರಿ ಕಾರ್ಯಾಚರಣೆಯನ್ನು ಪ್ರಾರಂಭಿಸುತ್ತದೆ,ಅಲ್ಜೀರಿಯಾ ಒತ್ತೆಯಾಳುಗಳಿಗಾಗಿ ಅಂತರರಾಷ್ಟ್ರೀಯ ಬಲವನ್ನು ಹೊಂದಿದೆ
ಡ್ರೋನ್ ದಾಳಿಯ ನಂತರ ಪಾಕಿಸ್ತಾನಿ ತಾಲಿಬಾನ್ ಹೊಸ ನಾಯಕನನ್ನು ಹೆಸರಿಸಿದೆ,ಯುಎಸ್ ಡ್ರೋನ್ ದಾಳಿಯಲ್ಲಿ ಪಾಕಿಸ್ತಾನಿ ತಾಲಿಬಾನ್ ಮುಖ್ಯಸ್ಥ ಕೊಲ್ಲಲ್ಪಟ್ಟರು
ಮ್ಯಾನ್ಮಾರ್ ಮಸೀದಿಯಲ್ಲಿ ಬೆಂಕಿ ಕಾಣಿಸಿಕೊಂಡು 13 ಮಕ್ಕಳು ಸಾವನ್ನಪ್ಪಿದ್ದಾರೆ,ಮಸೀದಿಯಲ್ಲಿ ವಿದ್ಯುತ್ ಅವಘಡದಲ್ಲಿ 13 ಮಕ್ಕಳು ಸಾವನ್ನಪ್ಪಿದ್ದಾರೆ ಎಂದು ಮ್ಯಾನ್ಮಾರ್ ಪೊಲೀಸರು ತಿಳಿಸಿದ್ದಾರೆ
ಕೈರೋ ಘರ್ಷಣೆಯಲ್ಲಿ ಮುಸ್ಲಿಂ ಬ್ರದರ್‌ಹುಡ್ ಬೆಂಬಲಿಗ ಸಾವು,ಈಜಿಪ್ಟ್ ಘರ್ಷಣೆಯಲ್ಲಿ ಮುಸ್ಲಿಂ ಬ್ರದರ್‌ಹುಡ್ ಬೆಂಬಲಿಗರು ಸಾಯುತ್ತಾರೆ
ದೆಹಲಿಯ ಸಾಮೂಹಿಕ ಅತ್ಯಾಚಾರ ಸಂತ್ರಸ್ತೆ ಸಿಂಗಾಪುರ ಆಸ್ಪತ್ರೆಯಲ್ಲಿ ಸಾವನ್ನಪ್ಪಿದ್ದಾರೆ,ದೆಹಲಿಯ ಸಾಮೂಹಿಕ ಅತ್ಯಾಚಾರ ಸಂತ್ರಸ್ತೆ ಸಿಂಗಾಪುರದ ಆಸ್ಪತ್ರೆಗೆ ವಿಮಾನದಲ್ಲಿ
ಇಟಲಿ ಟೂರ್ ಬಸ್ ಪಲ್ಟಿಯಲ್ಲಿ ಮೂವತ್ತೇಳು ಸಾವು,ಇಟಾಲಿಯನ್ ಬಸ್ ಪಲ್ಟಿಯಲ್ಲಿ ಮೂವತ್ತು ಮಂದಿ ಸಾವು
ಬಕಿಂಗ್‌ಹ್ಯಾಮ್ ಅರಮನೆಯ ಪ್ರವೇಶದ್ವಾರದಲ್ಲಿ ಚಾಕು ಹಿಡಿದ ವ್ಯಕ್ತಿಯನ್ನು ಬಂಧಿಸಲಾಗಿದೆ,ಬಕಿಂಗ್ಹ್ಯಾಮ್ ಅರಮನೆಯ ಬಂಧನದ ನಂತರ ವ್ಯಕ್ತಿಗೆ ಆರೋಪ
ಚೀನಾ ಷೇರುಗಳು ಗುರುವಾರ ಕೆಳಮಟ್ಟಕ್ಕೆ ಕೊನೆಗೊಂಡಿವೆ,ಚೀನಾ ಷೇರುಗಳು ಗುರುವಾರ ಕಡಿಮೆ ಮುಚ್ಚಿದವು
ಸಿರಿಯಾ ರಾಸಾಯನಿಕ ಶಸ್ತ್ರಾಸ್ತ್ರ ಒಪ್ಪಂದವನ್ನು ಪರಿಶೀಲಿಸಲು ಬಾನ್ ಕಿ-ಮೂನ್,ಸಿರಿಯಾ ರಾಸಾಯನಿಕ ಶಸ್ತ್ರಾಸ್ತ್ರ ಒಪ್ಪಂದವನ್ನು ಪರಿಶೀಲಿಸಲು ನಿಷೇಧ
ಇಂಡೋನೇಷ್ಯಾ ಜ್ವಾಲಾಮುಖಿ ಸ್ಫೋಟದಿಂದ 14 ಮಂದಿ ಸಾವನ್ನಪ್ಪಿದ ಶಾಲಾ ಮಕ್ಕಳು,ಇಂಡೋನೇಷ್ಯಾ ಜ್ವಾಲಾಮುಖಿ ಸ್ಫೋಟದಲ್ಲಿ ಆರು ಮಂದಿ ಸಾವು
ಮಲೇಷ್ಯಾದ ದೀರ್ಘಾವಧಿಯ ಸಮ್ಮಿಶ್ರವು ಅಧಿಕಾರವನ್ನು ಹಿಡಿದಿಟ್ಟುಕೊಂಡಿದೆ,ಮಲೇಷ್ಯಾದ ಆಡಳಿತಾರೂಢ ಒಕ್ಕೂಟ ಬಹುಮತ ಗಳಿಸಿದೆ
ಐಕಾನ್ ನೆಲ್ಸನ್ ಮಂಡೇಲಾ ನಿಧನಕ್ಕೆ ಒಬಾಮಾ ಸಂತಾಪ ವ್ಯಕ್ತಪಡಿಸಿದ್ದಾರೆ,"ದಕ್ಷಿಣ ಆಫ್ರಿಕನ್ನರು ಶೋಕಿಸುತ್ತಾರೆ, ಮಂಡೇಲಾ ಅವರನ್ನು ಆಚರಿಸುತ್ತಾರೆ"
ಬೈರುತ್‌ನಲ್ಲಿರುವ ಇರಾನ್ ರಾಯಭಾರ ಕಚೇರಿ ಬಳಿ ಸ್ಫೋಟಗಳು,ಬೈರುತ್‌ನಲ್ಲಿರುವ ಇರಾನ್ ರಾಯಭಾರ ಕಚೇರಿ ಬಳಿ ಎರಡು ಸ್ಫೋಟಗಳು
ಮೋದಿಯವರ ದೆಹಲಿ ಯಾತ್ರೆಯಲ್ಲಿ ಗೋವಾ ಮೊದಲ ಹೆಜ್ಜೆ,ರಷ್ಯಾದಲ್ಲಿ ಎಂಜಿನಿಯರಿಂಗ್ ಕಲಿಸಲು ತಂತ್ರಜ್ಞಾನ
"US ರಕ್ಷಣಾ ಬಜೆಟ್‌ನಲ್ಲಿ ""ರಾಜಕೀಯ"" ಬದಲಾವಣೆಗಳ ಬಗ್ಗೆ ಹಗೆಲ್ ವಿಷಾದಿಸಿದರು",ರಕ್ಷಣಾ ವೆಚ್ಚದಲ್ಲಿ ಪ್ರಸ್ತಾವಿತ ಕಡಿತವನ್ನು ಹಗೆಲ್ ಸಮರ್ಥಿಸಿಕೊಂಡರು
ಮಾಲ್ಡೀವ್ಸ್ ಅಧ್ಯಕ್ಷ ಸ್ಥಾನಕ್ಕೆ ಹೊಸ ಚುನಾವಣೆಯನ್ನು ನಡೆಸುತ್ತಿದೆ,ಮಾಲ್ಡೀವ್ಸ್ ಹೊಸ ಅಧ್ಯಕ್ಷೀಯ ಚುನಾವಣೆಯನ್ನು ನಡೆಸುತ್ತದೆ
ಈಜಿಪ್ಟ್‌ನ ಬ್ರದರ್‌ಹುಡ್ ಹತ್ಯೆಗಳ ನಂತರ ನೆಲಕ್ಕೆ ನಿಂತಿದೆ,ಈಜಿಪ್ಟ್: ಮುಸ್ಲಿಂ ಬ್ರದರ್‌ಹುಡ್ ಮೊರ್ಸಿಯ ಹಿಂದೆ ನಿಂತಿದೆ
ನ್ಯೂ ವರ್ಲ್ಡ್ ಟ್ರೇಡ್ ಸೆಂಟರ್ ಯುಎಸ್ನಲ್ಲಿ ಅತಿ ಎತ್ತರದ ಕಟ್ಟಡವೆಂದು ಘೋಷಿಸಲ್ಪಟ್ಟಿದೆ,ಒಂದು ವಿಶ್ವ ವ್ಯಾಪಾರ ಕೇಂದ್ರವನ್ನು ಅತಿ ಎತ್ತರದ US ಕಟ್ಟಡ ಎಂದು ಹೆಸರಿಸಲಾಗಿದೆ
ನ್ಯಾಟೋ ಪಡೆಗಳು ಇಬ್ಬರು ಅಫಘಾನ್ ಮಕ್ಕಳನ್ನು ಕೊಂದರು,ನ್ಯಾಟೋ ದಾಳಿಗೆ 11 ಅಫ್ಘಾನಿಸ್ತಾನದ ಮಕ್ಕಳು ಬಲಿ
ಸಿರಿಯನ್ ವಿರೋಧವು ಬಂಡುಕೋರರಿಗೆ ಶಸ್ತ್ರಾಸ್ತ್ರಗಳನ್ನು ಕಳುಹಿಸಲು ಯುರೋಪ್ ಅನ್ನು ಒತ್ತಾಯಿಸುತ್ತದೆ,ಮಧ್ಯಂತರ ಪ್ರಧಾನಿಯನ್ನು ಆಯ್ಕೆ ಮಾಡಲು ಸಿರಿಯನ್ ವಿರೋಧ ಸಭೆ
"ಪ್ರವಾಹಗಳು ಇಬ್ಬರನ್ನು ಕೊಲ್ಲುತ್ತವೆ, ಕ್ಯಾಲ್ಗರಿ ಮನೆಗಳಿಂದ 75,000 ಪಡೆಗಳು","ಕೆನಡಾ ಮನೆಗಳಿಂದ 75,000 ಪ್ರವಾಹ ಪಡೆಗಳು"
ನ್ಯೂಯಾರ್ಕ್ ಹೊಂಚುದಾಳಿಯಲ್ಲಿ ಇಬ್ಬರು ಅಗ್ನಿಶಾಮಕ ದಳದವರು ಸಾವನ್ನಪ್ಪಿದ್ದಾರೆ,ಮಾರಣಾಂತಿಕ ಹೊಂಚುದಾಳಿ ನಂತರ ಕಾವಲು ಸ್ಥಿತಿಯಲ್ಲಿ ಇಬ್ಬರು ನ್ಯೂಯಾರ್ಕ್ ಅಗ್ನಿಶಾಮಕ ಸಿಬ್ಬಂದಿ
ಫಿಟೋವ್ ಟೈಫೂನ್ ಪೂರ್ವ ಚೀನಾದಲ್ಲಿ ಭೂಕುಸಿತವನ್ನು ಉಂಟುಮಾಡುತ್ತದೆ,ಫಿಟೊವ್ ಟೈಫೂನ್ ಆಗ್ನೇಯ ಚೀನಾಕ್ಕೆ ಅಪ್ಪಳಿಸಿದೆ
ಪಾಕಿಸ್ತಾನದಲ್ಲಿ ಕಾರ್ ಬಾಂಬ್ ದಾಳಿಗೆ 17 ಸಾವು,ಪಾಕಿಸ್ತಾನದಲ್ಲಿ ಆತ್ಮಾಹುತಿ ಬಾಂಬ್ ದಾಳಿಗೆ 10 ಮಂದಿ ಬಲಿ
ಎಕ್ಸಿಟ್ ಪೋಲ್‌ಗಳು ಪುಟಿನ್ ಮಿತ್ರ ಪಕ್ಷ ಮಾಸ್ಕೋ ಮತವನ್ನು ಗೆಲ್ಲುತ್ತದೆ ಎಂದು ಸೂಚಿಸುತ್ತವೆ,"ಎಕ್ಸಿಟ್ ಪೋಲ್‌ಗಳು ಪುಟಿನ್ ಮಿತ್ರರು ಮಾಸ್ಕೋ ಮತವನ್ನು ಗೆದ್ದಿದ್ದಾರೆ ಎಂದು ತೋರಿಸುತ್ತದೆ, ನವಲ್ನಿ ಫೌಲ್ ಅಳುತ್ತಾನೆ"
ಸ್ಪ್ಯಾನಿಷ್ ರೈಲು ಅಪಘಾತದಲ್ಲಿ ಚಾಲಕ ನ್ಯಾಯಾಧೀಶರಿಂದ ಪ್ರಶ್ನೆಗಳನ್ನು ಎದುರಿಸುತ್ತಾನೆ,ಸ್ಪೇನ್ ಅಪಘಾತದಲ್ಲಿ ರೈಲು ಚಾಲಕನನ್ನು ನ್ಯಾಯಾಧೀಶರು ಪ್ರಶ್ನಿಸಿದ್ದಾರೆ
ಸ್ಪೇನ್ ರೈಲು ಅಪಘಾತದಲ್ಲಿ ಕನಿಷ್ಠ 45 ಮಂದಿ ಸಾವನ್ನಪ್ಪಿದ್ದಾರೆ,ಇರಾಕ್‌ನ ದಿಯಾಲಾದಲ್ಲಿ ಟ್ರಿಪಲ್ ಕಾರ್ ಬಾಂಬ್ ಸ್ಫೋಟದಲ್ಲಿ ಕನಿಷ್ಠ 13 ಮಂದಿ ಸಾವನ್ನಪ್ಪಿದ್ದಾರೆ
ಬಂಡುಕೋರರು ಸಂಪತ್ತು ಹಂಚಿಕೆ ಒಪ್ಪಂದವನ್ನು ತಲುಪುತ್ತಾರೆ,ಬಂಡುಕೋರರು 'ಸಂಪತ್ತಿನ ಒಪ್ಪಂದ' ತಲುಪಿದ್ದಾರೆ
ಕ್ರಿಸ್ ಫ್ರೂಮ್ ಟೂರ್ ಡಿ ಫ್ರಾನ್ಸ್ ಎಂಡ್‌ಗೇಮ್‌ಗೆ ಸವಾರಿ ಮಾಡುತ್ತಾನೆ,ಕ್ರಿಸ್ ಬ್ರೌನ್ ಸಂಗೀತ ಕಚೇರಿಗಳು ಹೊಸದನ್ನು ರದ್ದುಗೊಳಿಸಲಾಗಿದೆ
ಗಾಜಾದಲ್ಲಿ ಇಸ್ರೇಲ್ ವೈಮಾನಿಕ ದಾಳಿ ನಡೆಸಿತು,ಡಮಾಸ್ಕಸ್ ಬಳಿ ಇಸ್ರೇಲ್ ವೈಮಾನಿಕ ದಾಳಿ ನಡೆಸಿತು
ಶಂಕಿತ ಯುಎಸ್ ಡ್ರೋನ್ ಪಾಕಿಸ್ತಾನದಲ್ಲಿ 3 ಉಗ್ರರನ್ನು ಹತ್ಯೆ ಮಾಡಿದೆ,ಪಾಕಿಸ್ತಾನದಲ್ಲಿ ಅಮೆರಿಕದ ಡ್ರೋನ್ 4 ಉಗ್ರರನ್ನು ಹತ್ಯೆ ಮಾಡಿದೆ
ಮಾರ್ಸ್ ರೋವರ್ ಮೊದಲ ತಳಪಾಯದ ಮಾದರಿಯನ್ನು ಸಂಗ್ರಹಿಸುತ್ತದೆ,ವಾವ್ರಿಂಕಾ ಮೊದಲ ಗ್ರ್ಯಾನ್ ಸ್ಲಾಮ್ ಫೈನಲ್ ತಲುಪಿದ್ದಾರೆ
ಈಜಿಪ್ಟ್‌ನಲ್ಲಿ ಇಸ್ಲಾಮಿಸ್ಟ್‌ಗಳು ಹಿಂದಕ್ಕೆ ತಳ್ಳುತ್ತಿದ್ದಂತೆ ಘರ್ಷಣೆಗಳು ಭುಗಿಲೆದ್ದವು,ಈಜಿಪ್ಟ್ ದಾಳಿಯಲ್ಲಿ ಕಾಪ್ಟಿಕ್ ಪಾದ್ರಿ ಗುಂಡಿಕ್ಕಿ ಕೊಲ್ಲಲ್ಪಟ್ಟರು
ವಾಯುವ್ಯ ಸಿರಿಯಾದಲ್ಲಿ ಕಾರ್ ಬಾಂಬ್ ದಾಳಿಯಲ್ಲಿ 20 ಮಂದಿ ಸಾವನ್ನಪ್ಪಿದ್ದಾರೆ,ಉತ್ತರ ಸಿರಿಯಾದಲ್ಲಿ ಕಾರ್ ಬಾಂಬ್ ದಾಳಿ 20 ಸಾವು
ಫ್ರಾನ್ಸಿಸ್ ಅವರು ಪ್ರಾರ್ಥನೆಯೊಂದಿಗೆ ಪೋಪ್ ಅಧಿಕಾರವನ್ನು ಪ್ರಾರಂಭಿಸುತ್ತಾರೆ,ಪೋಪ್ ಫ್ರಾನ್ಸಿಸ್ ಪ್ರಾರ್ಥನೆಗಾಗಿ ವ್ಯಾಟಿಕನ್‌ನಿಂದ ಹೊರಬಿದ್ದರು
ಸ್ಪ್ಯಾನಿಷ್ ರೈಲು ಅಪಘಾತದಲ್ಲಿ ಸುಮಾರು 50 ಮಂದಿ ಸಾವನ್ನಪ್ಪಿದ್ದಾರೆ,ಸ್ಪ್ಯಾನಿಷ್ ಹೈಸ್ಪೀಡ್ ರೈಲು ಅಪಘಾತದಲ್ಲಿ 70 ಕ್ಕೂ ಹೆಚ್ಚು ಸಾವು
ಈಜಿಪ್ಟ್‌ನ ಬ್ರದರ್‌ಹುಡ್ ಅದರ ನಾಯಕನಾಗಿ ಬೀಗಿದೆ,ಈಜಿಪ್ಟ್‌ನ ಮುಸ್ಲಿಂ ಬ್ರದರ್‌ಹುಡ್ ಮಾಸ್ ಮಾರ್ಚ್‌ಗೆ ಹೊಂದಿಸಲಾಗಿದೆ
ಫ್ರೆಂಚ್ ರೈಲು ಪ್ಯಾರಿಸ್‌ನ ದಕ್ಷಿಣಕ್ಕೆ ಹಳಿ ತಪ್ಪಿದೆ,ಫ್ರೆಂಚ್ ರೈಲು ಪ್ರಯಾಣಿಕರು ಅಪಘಾತದ ಅಗ್ನಿಪರೀಕ್ಷೆಯನ್ನು ಹೇಳುತ್ತಾರೆ
ಚೀನಾದ ಹೊಸ ಸ್ಟೆಲ್ತ್ ಫ್ರಿಗೇಟ್ ಅನ್ನು ನಿಯೋಜಿಸಲಾಗಿದೆ,"ಗಡಿ ಆಯೋಗವನ್ನು ಸ್ಥಾಪಿಸಲು ಬೆಲಾರಸ್, ಲಾಟ್ವಿಯಾ"
ಈಜಿಪ್ಟ್ ಹೊಸ ಸಂವಿಧಾನದ ಮೇಲೆ ಮತ ಹಾಕಿತು,ಈಜಿಪ್ಟಿನವರು ವಿಭಜಕ ಸಂವಿಧಾನದ ಮೇಲೆ ಮತ ಚಲಾಯಿಸುತ್ತಾರೆ
ಉದ್ವಿಗ್ನ ಉಕ್ರೇನ್ ರಾಜಧಾನಿಯಲ್ಲಿ ಪ್ರತಿಭಟನೆಗಳು ಮುಂದುವರೆದಿದೆ,ಬ್ರೆಜಿಲ್‌ನಲ್ಲಿ ಪ್ರತಿಭಟನೆ ಮುಂದುವರಿದಿದೆ
ಇರಾನ್ ಮಧ್ಯಮವರ್ಗದ ಅಧ್ಯಕ್ಷ ಸ್ಥಾನವನ್ನು ದೊಡ್ಡ ಅಂತರದಿಂದ ಗೆಲ್ಲುತ್ತಾನೆ,ಇರಾನ್ ತೈಲ ಬೆಲೆ ಯುದ್ಧವನ್ನು ಪ್ರಚೋದಿಸುತ್ತದೆ ಎಂದು ಬೆದರಿಕೆ ಹಾಕಿದೆ
ಈಜಿಪ್ಟ್‌ನ ಸಿನಾಯ್‌ನಲ್ಲಿ ಅಪಹರಣದ ನಂತರ ಬ್ರಿಟನ್‌ರನ್ನು ಬಿಡುಗಡೆ ಮಾಡಲಾಗಿದೆ - ಮೂಲಗಳು,ಈಜಿಪ್ಟ್‌ನ ಸಿನಾಯ್‌ನಲ್ಲಿ ವಶಪಡಿಸಿಕೊಂಡ ಇಬ್ಬರು ಬ್ರಿಟನ್‌ರನ್ನು ಬೆಡೋಯಿನ್ ಬಿಡುಗಡೆ ಮಾಡಿದರು
ಫುಕುಶಿಮಾ ದುರಂತದ ವಿರುದ್ಧ ಹೋರಾಡಿದ ವ್ಯಕ್ತಿ ಕ್ಯಾನ್ಸರ್‌ನಿಂದ ಸಾಯುತ್ತಾನೆ,ಫುಕುಶಿಮಾ ದುರಂತದ ವಿರುದ್ಧ ಹೋರಾಡಿದ ಮಾಜಿ ಸಸ್ಯ ಮುಖ್ಯಸ್ಥ ಕ್ಯಾನ್ಸರ್‌ನಿಂದ ನಿಧನರಾದರು
ವಸಾಹತು ಯೋಜನೆಗೆ ಇಸ್ರೇಲ್ ಯುರೋಪಿಯನ್ ಹಿನ್ನಡೆಯನ್ನು ಎದುರಿಸುತ್ತಿದೆ,ಯುರೋಪಿಯನ್ ರಾಷ್ಟ್ರಗಳ ಇತ್ತೀಚಿನ ವಸಾಹತು ಯೋಜನೆಗಳ ಬಗ್ಗೆ ಇಸ್ರೇಲ್ ಖಾತೆಯನ್ನು ಕರೆದಿದೆ
ನೈಜೀರಿಯಾ ಶಾಸಕರ ಮೇಲೆ ಲಂಚದ ಆರೋಪ ಹೊರಿಸಲಾಗಿದೆ,ನೈಜೀರಿಯಾ ಸಂಸದ ಮೂರು ಲಕ್ಷ ಲಂಚ ಸ್ವೀಕರಿಸಿದ ಆರೋಪ
ಈಜಿಪ್ಟ್ ಮುಸ್ಲಿಂ ಬ್ರದರ್‌ಹುಡ್ ಸುಪ್ರೀಂ ಗೈಡ್ ಅನ್ನು ಬಂಧಿಸಿದೆ,ಈಜಿಪ್ಟ್ ಮುಸ್ಲಿಂ ಬ್ರದರ್‌ಹುಡ್ ಗುಂಪನ್ನು ನಿಷೇಧಿಸಿದೆ
ಮುಂದಿನ ತಿಂಗಳು ಪರಮಾಣು ಮಾತುಕತೆ ಪುನರಾರಂಭವಾಗಲಿದೆ ಎಂದು ಇರಾನ್ ಹೇಳಿದೆ,ವೈರಿಗಳ ಸಂವಹನ ವ್ಯವಸ್ಥೆಗಳನ್ನು ಜ್ಯಾಮಿಂಗ್ ಮಾಡುವ ಸಾಮರ್ಥ್ಯ ಹೊಂದಿದೆ ಎಂದು ಇರಾನ್ ಹೇಳಿದೆ
ಅಲೆನ್ ಪತ್ರದಲ್ಲಿ ಫಾರೋನ ನಿಂದನೆಯ ಹಕ್ಕುಗಳಿಗೆ ಪ್ರತಿಕ್ರಿಯಿಸುತ್ತಾನೆ,ಫಾರೋ ಅವರ ನಿಂದನೆ ಹಕ್ಕುಗಳ ವಿರುದ್ಧ ಅಲೆನ್ ತನ್ನನ್ನು ತಾನು ಸಮರ್ಥಿಸಿಕೊಳ್ಳುತ್ತಾನೆ
ಒಬಾಮಾ ಶ್ವೇತಭವನದಿಂದ ಸಿರಿಯಾ ಕುರಿತು ಮಾತನಾಡಲು ಸಿದ್ಧರಾಗಿದ್ದಾರೆ,ಶ್ವೇತಭವನದಲ್ಲಿ ಒಬಾಮಾ ಸಿರಿಯಾ ಕುರಿತು ಹೇಳಿಕೆ ನೀಡಲಿದ್ದಾರೆ
"ಲಿಬಿಯಾದ ಅಲ್-ಕ್ವೀಫಿಯಾ ಜೈಲಿನಿಂದ 1,000 ಕ್ಕೂ ಹೆಚ್ಚು ಕೈದಿಗಳು ಪರಾರಿಯಾಗಿದ್ದಾರೆ",ಲಿಬಿಯಾ ಜೈಲಿನಿಂದ 1000 ಕೈದಿಗಳು ಪರಾರಿಯಾಗಿದ್ದಾರೆ
ಸಿರಿಯಾ ವಿರುದ್ಧ ಯುಎಸ್ ಏಕಾಂಗಿ ಕ್ರಮಕ್ಕೆ ಸಿದ್ಧವಾಗಿದೆ,ಸಿರಿಯಾ ವಿರುದ್ಧ ಕ್ರಮಕ್ಕಾಗಿ ಯುಎಸ್ ಕೇಸ್ ಮಾಡುತ್ತದೆ
ವಿದೇಶೀ ವಿನಿಮಯ ಮತ್ತು ಚಿನ್ನ 6 ಮಾರ್ಚ್ 2013,ವಿದೇಶೀ ವಿನಿಮಯ ಮತ್ತು ಚಿನ್ನ 12 ಮಾರ್ಚ್ 2013
ಹೊಸ ವರ್ಲ್ಡ್ ಟ್ರೇಡ್ ಸೆಂಟರ್ ಯುಎಸ್ನಲ್ಲಿ ಅತಿ ಎತ್ತರದ ಕಟ್ಟಡವಾಗಿದೆ,ವಿಶ್ವ ವ್ಯಾಪಾರ ಕೇಂದ್ರವನ್ನು US ನ ಅತಿ ಎತ್ತರದ ಕಟ್ಟಡ ಎಂದು ಹೆಸರಿಸಲಾಯಿತು
ಸಿರಿಯಾ ರಾಸಾಯನಿಕ ಶಸ್ತ್ರಾಸ್ತ್ರಗಳನ್ನು ಬಳಸಿದೆ ಎಂದು ಯುಎಸ್ ನಿರ್ಧರಿಸಿದೆ,ಸಿರಿಯಾದ ರಾಸಾಯನಿಕ ಅಸ್ತ್ರಗಳನ್ನು ತೊಡೆದುಹಾಕಲು ಯುಎನ್ ಮತ ಹಾಕುತ್ತದೆ
ಚೀನಾ ಭೂಕಂಪ: ಸಾವಿನ ಸಂಖ್ಯೆ ಏರಿಕೆ,ಚೀನಾ ಜ್ವರಕ್ಕೆ ಬಲಿಯಾದವರ ಸಂಖ್ಯೆ 6ಕ್ಕೆ ಏರಿಕೆಯಾಗಿದೆ
ಇರಾನ್‌ನ ಪರಮಾಣು ಸ್ಥಾವರದಲ್ಲಿ ಯಾವುದೇ ವಿಕಿರಣ ಸೋರಿಕೆಯಾಗಿಲ್ಲ,ಯುಎಸ್ ಕಾಂಗ್ರೆಸ್ ಇರಾನ್ ಪರಮಾಣು ಒಪ್ಪಂದಕ್ಕೆ ವ್ರೆಂಚ್ ಎಸೆಯಬಹುದು
ದಾಳಿ ನಡೆಸಿದ ಅಲ್ಜೀರಿಯಾ ಗ್ಯಾಸ್ ಪ್ಲಾಂಟ್‌ನಲ್ಲಿ 25 ಮೃತದೇಹಗಳು ಪತ್ತೆಯಾಗಿವೆ,ಅಲ್ಜೀರಿಯಾದ ಅನಿಲ ಸ್ಥಾವರದಲ್ಲಿ ಇನ್ನೂ 25 ಶವಗಳು ಪತ್ತೆ
ಪಾಕಿಸ್ತಾನದಲ್ಲಿ ಅವಳಿ ಬಾಂಬ್ ದಾಳಿಯಲ್ಲಿ ಕನಿಷ್ಠ 40 ಮಂದಿ ಸಾವನ್ನಪ್ಪಿದ್ದಾರೆ,ಇದೀಗ ಉಗ್ರರು ಪಾಕಿಸ್ತಾನದ ಪೊಲೀಸರ ವಿರುದ್ಧ ಸೆಣಸಾಡುತ್ತಿದ್ದಾರೆ
ಬಲವಾದ ಹೊಸ ಭೂಕಂಪನವು ಪಾಕಿಸ್ತಾನ ಪ್ರದೇಶವನ್ನು ಛಿದ್ರಗೊಳಿಸಿತು,ಪ್ರಬಲವಾದ ಹೊಸ ಭೂಕಂಪವು ಪಾಕಿಸ್ತಾನ ಪ್ರದೇಶವನ್ನು ಛಿದ್ರಗೊಳಿಸಿತು
ಮೊಬೈಲ್ ಜಾಹೀರಾತುಗಳು ವೇಗವಾಗುತ್ತಿದ್ದಂತೆ ಫೇಸ್‌ಬುಕ್ ಗಳಿಕೆಗಳು 63% ಜಿಗಿಯುತ್ತವೆ,ಬಳಕೆದಾರರ ಬೇಸ್ ವಿಸ್ತರಿಸಿದಂತೆ ಫೇಸ್‌ಬುಕ್ ಲಾಭಗಳು ಜಿಗಿಯುತ್ತವೆ
ಪೋಪ್ ಬೆನೆಡಿಕ್ಟ್ XVI ಕಾರ್ಡಿನಲ್‌ಗಳಿಗೆ ವಿದಾಯ ಹೇಳಿದರು,ಪೋಪ್ ಬೆನೆಡಿಕ್ಟ್ XVI ಕೊನೆಯ ಬಾರಿಗೆ ವ್ಯಾಟಿಕನ್‌ನಿಂದ ನಿರ್ಗಮಿಸಿದರು
ಮಾರ್ಚ್ 11 ರ ಸುದ್ದಿ ಸಾರಾಂಶ,ಜನವರಿ 14 ರ ಸುದ್ದಿ ಸಾರಾಂಶ
ಉಷ್ಣವಲಯದ ಚಂಡಮಾರುತ ಆಂಡ್ರಿಯಾ ಪೂರ್ವ ಕರಾವಳಿಯಲ್ಲಿ ಪ್ರಯಾಣಿಸುತ್ತಿದೆ,ಉಷ್ಣವಲಯದ ಚಂಡಮಾರುತ ಆಂಡ್ರಿಯಾ ಪೂರ್ವ ಕರಾವಳಿಯತ್ತ ಜಾರಲಿದೆ
"ರೋಜರ್ಸ್, ವಿಡಿಯೋಟ್ರಾನ್ ನೆಟ್‌ವರ್ಕ್-ಹಂಚಿಕೆ ಒಪ್ಪಂದದೊಂದಿಗೆ ವ್ಯಾಪ್ತಿಯನ್ನು ವಿಸ್ತರಿಸುತ್ತದೆ","ರೋಜರ್ಸ್, ವಿಡಿಯೋಟ್ರಾನ್ ನೆಟ್‌ವರ್ಕ್ ಹಂಚಿಕೆ, ಸ್ಪೆಕ್ಟ್ರಮ್ ಒಪ್ಪಂದವನ್ನು ತಲುಪುತ್ತದೆ"
ಇಂಡೋನೇಷ್ಯಾ ರೈಲು ಅಪಘಾತದಲ್ಲಿ ನಾಲ್ವರು ಸಾವು,ಇಂಡೋನೇಷ್ಯಾ ರೈಲು ಇಂಧನ ಟ್ರಕ್‌ಗೆ ಡಿಕ್ಕಿ ಹೊಡೆದು ಐವರು ಸಾವು
ಬೆರ್ಲುಸ್ಕೋನಿ ಚುನಾವಣೆಯಲ್ಲಿ ಮತ ಚಲಾಯಿಸುತ್ತಿದ್ದಂತೆ ಟಾಪ್‌ಲೆಸ್ ಮಹಿಳೆಯರು ಅವರ ವಿರುದ್ಧ ಪ್ರತಿಭಟನೆ ನಡೆಸಿದರು,"ಬಲ್ಗೇರಿಯಾ ಅಧ್ಯಕ್ಷರು ಪ್ರತಿಭಟನಾಕಾರರನ್ನು ಬೆಂಬಲಿಸುತ್ತಾರೆ, ಕ್ಷಿಪ್ರ ಚುನಾವಣೆಗಳನ್ನು ವಿರೋಧಿಸುತ್ತಾರೆ"
ಮಿಸ್ ನ್ಯೂಯಾರ್ಕ್ ಮಿಸ್ ಅಮೇರಿಕಾ ಕಿರೀಟವನ್ನು ಗೆದ್ದಿದ್ದಾರೆ,ಮಿಸ್ ನ್ಯೂಯಾರ್ಕ್ ಮಿಸ್ ಅಮೇರಿಕಾ ಕಿರೀಟವನ್ನು ಅಲಂಕರಿಸಿದ್ದಾರೆ
ಬಾಂಗ್ಲಾದೇಶದ ಇಸ್ಲಾಮಿಸ್ಟ್ ಮರಣದಂಡನೆಯನ್ನು ಎತ್ತಿಹಿಡಿದಿದೆ,ಬಾಂಗ್ಲಾದೇಶ ವಿರೋಧ ಪಕ್ಷದ ನಾಯಕನನ್ನು ಗಲ್ಲಿಗೇರಿಸಿತು
ಶಂಕಿತ ಸೌದಿ ಉಗ್ರಗಾಮಿ ಲೆಬನಾನಿನ ಬಂಧನದಲ್ಲಿ ಸಾವನ್ನಪ್ಪಿದ್ದಾನೆ,ಶಂಕಿತ ಯುಎಸ್ ಡ್ರೋನ್ ಯೆಮನ್‌ನಲ್ಲಿ 6 ಉಗ್ರರನ್ನು ಕೊಂದಿದೆ
ಹೊಸ ಇಟಾಲಿಯನ್ ಸರ್ಕಾರದೊಂದಿಗೆ ಒಪ್ಪಂದವನ್ನು ತಲುಪಿದೆ,ಇಟಲಿ ಹೊಸ ಸಮ್ಮಿಶ್ರ ಸರ್ಕಾರದಲ್ಲಿ ಪ್ರಮಾಣವಚನ ಸ್ವೀಕರಿಸಲಿದೆ
ಇರಾಕ್ ದಾಳಿಯಲ್ಲಿ 7 ಮಂದಿ ಸಾವನ್ನಪ್ಪಿದ್ದಾರೆ,ಇರಾಕ್‌ನಾದ್ಯಂತ ನಡೆದ ದಾಳಿಯಲ್ಲಿ 27 ಮಂದಿ ಸಾವನ್ನಪ್ಪಿದ್ದಾರೆ
ಸಿಂಗಾಪುರದ ಷೇರುಗಳು 0.4% ಹೆಚ್ಚಿನದನ್ನು ಮುಚ್ಚುತ್ತವೆ,ಭಾರತೀಯ ಷೇರುಗಳು ಹೆಚ್ಚಿನ ಮಟ್ಟದಲ್ಲಿ ತೆರೆದಿವೆ
ಬಾಂಗ್ಲಾದೇಶದ ಕಟ್ಟಡಗಳು ಕುಸಿದಿವೆ,ಬಾಂಗ್ಲಾದೇಶ ಕಟ್ಟಡ ಕುಸಿದು ಕನಿಷ್ಠ 200 ಮಂದಿ ಸಾವನ್ನಪ್ಪಿದ್ದಾರೆ
"1,004 ಮುಸ್ಲಿಂ ಬ್ರದರ್‌ಹುಡ್ ಬೆಂಬಲಿಗರ ಬಂಧನವನ್ನು ಈಜಿಪ್ಟ್ ಘೋಷಿಸಿದೆ",ಬ್ರದರ್‌ಹುಡ್ ಮುಖ್ಯಸ್ಥ ಬಾಡಿಯನ್ನು ಬಂಧಿಸಲು ಈಜಿಪ್ಟ್ ಆದೇಶಿಸಿದೆ
ಈಜಿಪ್ಟ್ ಪ್ರತಿಭಟನಾಕಾರರನ್ನು 'ಚದುರಿಸಬೇಕು',ಅಪಹರಣ ಶಿಕ್ಷಕನಿಗೆ ಶಿಕ್ಷೆಯಾಗಬೇಕು
"ಪೇಪರ್ಸ್ ಏನು ಹೇಳುತ್ತದೆ, ಮಾರ್ಚ್ 12, 2013","ಪೇಪರ್ಸ್ ಏನು ಹೇಳುತ್ತದೆ, ಜೂನ್ 25, 2013"
ಉತ್ತರ ಕೊರಿಯಾದ ಸರಕು ಕ್ಯೂಬಾದೊಂದಿಗೆ ಕ್ಷಿಪಣಿ ದುರಸ್ತಿ ವ್ಯಾಪಾರವನ್ನು ಬಹಿರಂಗಪಡಿಸುತ್ತದೆ,ಕ್ಯೂಬಾ ಕ್ಷಿಪಣಿಗಳನ್ನು ಸಾಗಿಸುತ್ತಿದ್ದ ಕೊರಿಯಾದ ಹಡಗನ್ನು ವಶಪಡಿಸಿಕೊಳ್ಳಲಾಗಿದೆ
ಪಿಯರ್ಸ್ ಮಾರ್ಗನ್ ಅವರನ್ನು ಪೊಲೀಸರು ಪ್ರಶ್ನಿಸಿದ್ದಾರೆ,ಪಿಯರ್ಸ್ ಮೋರ್ಗನ್ ಹ್ಯಾಕಿಂಗ್ ಪ್ರಕರಣದಲ್ಲಿ ಪೋಲೀಸರಿಂದ ಸಂದರ್ಶನ
ರಿಯಾಯಿತಿಯ ಹೊರತಾಗಿಯೂ ಬ್ರೆಜಿಲ್ ಅನ್ನು ಪ್ರತಿಭಟನೆಗಳು ವ್ಯಾಪಿಸುತ್ತವೆ,ರಿಯಾಯಿತಿಗಳ ಹೊರತಾಗಿಯೂ ಬ್ರೆಜಿಲ್‌ನಾದ್ಯಂತ ಪ್ರತಿಭಟನೆಗಳನ್ನು ಯೋಜಿಸಲಾಗಿದೆ
ಸಿಂಗಾಪುರದ ಷೇರುಗಳು 0.11 ರಷ್ಟು ಕೊನೆಗೊಂಡಿವೆ,ಸಿಂಗಾಪುರದ ಷೇರುಗಳು 0.54% ನಷ್ಟು ಹೆಚ್ಚಿವೆ
ಇಸ್ತಾಂಬುಲ್ ಪಾರ್ಕ್ ಪ್ರತಿಭಟನಾ ಪ್ರದೇಶದ ಬಳಿ ಟರ್ಕಿಶ್ ಪೋಲೀಸ್ ಸಮೂಹ,ಅಪರಾಧಿಗಳನ್ನು ರಕ್ಷಿಸುವುದನ್ನು ಬ್ರಿಟಿಷ್ ಪೊಲೀಸರು ನಿರಾಕರಿಸುತ್ತಾರೆ
ಯೆಮೆನ್ ಮೊಸಾದ್ ಗೂಢಚಾರಿಕೆಯಲ್ಲಿ 'ಇಸ್ರೇಲಿ' ಬಂಧನ,ಹೆಬ್ರಾನ್ ಬಂಧನ ದಾಳಿಯಲ್ಲಿ ಇಸ್ರೇಲಿ ಪಡೆಗಳು ಇಬ್ಬರನ್ನು ಬಂಧಿಸಿವೆ
ಗ್ವಾಟೆಮಾಲಾ ಸಾಫ್ಟ್‌ವೇರ್ ಗುರು ಜಾನ್ ಮ್ಯಾಕ್‌ಅಫೀಯನ್ನು ಬಂಧಿಸಿತು,"ಗ್ವಾಟೆಮಾಲಾದಲ್ಲಿ ಸಂಯಮದಿಂದ, ಸಾಫ್ಟ್‌ವೇರ್ ಗುರು ಮ್ಯಾಕ್‌ಅಫೀ ಗಡೀಪಾರು ಮಾಡುವುದರ ವಿರುದ್ಧ ಹೋರಾಡುತ್ತಾನೆ"
ಈಜಿಪ್ಟ್‌ನ ಹಂಗಾಮಿ ಅಧ್ಯಕ್ಷರು 2 ಸಲಹೆಗಾರರನ್ನು ನೇಮಿಸುತ್ತಾರೆ,ಈಜಿಪ್ಟ್‌ನ ಹಂಗಾಮಿ ಅಧ್ಯಕ್ಷರು ಹೊಸ ಸಚಿವ ಸಂಪುಟದಲ್ಲಿ ಪ್ರಮಾಣ ವಚನ ಸ್ವೀಕರಿಸಿದರು
ಬಂಡುಕೋರರ ಹಿಡಿತದಲ್ಲಿರುವ ನಗರದಲ್ಲಿ ಸಿರಿಯಾ ಕಾರ್ ಬಾಂಬ್ ದಾಳಿಯಲ್ಲಿ ಕನಿಷ್ಠ 12 ಮಂದಿ ಸಾವನ್ನಪ್ಪಿದ್ದಾರೆ,ಸಿನಾಯ್ ಕಾರ್ ಬಾಂಬ್ ಕನಿಷ್ಠ 10 ಈಜಿಪ್ಟ್ ಸೈನಿಕರನ್ನು ಕೊಂದಿತು
ಚೀನಾ ಚಾಪರ್‌ನಿಂದ ಮೊದಲ ವಾಯು ಕ್ಷಿಪಣಿಯನ್ನು ಉಡಾವಣೆ ಮಾಡಿದೆ,ಭ್ರಷ್ಟಾಚಾರಕ್ಕಾಗಿ ಚೀನಾ ನ್ಯಾಯಾಲಯವು ಬೋ ಕ್ಸಿಲೈಗೆ ಜೀವಾವಧಿ ಶಿಕ್ಷೆ ವಿಧಿಸಿದೆ
ಬಾಂಗ್ಲಾದೇಶದ ಕಟ್ಟಡ ಕುಸಿತದಲ್ಲಿ ಸಾವಿನ ಸಂಖ್ಯೆ 359ಕ್ಕೆ ತಲುಪಿದೆ,ಭಾರತೀಯ ಕಟ್ಟಡ ಕುಸಿತ ಸಾವಿನ ಸಂಖ್ಯೆ 72 ಕ್ಕೆ ಏರಿಕೆಯಾಗಿದೆ
ಈಜಿಪ್ಟ್ ಕ್ರ್ಯಾಕ್‌ಡೌನ್ ಡ್ರಾಗಳು ಖಂಡನೆ,ಈಜಿಪ್ಟ್: ಈಜಿಪ್ಟ್ ಶಿಸ್ತುಕ್ರಮವು ಜಾಗತಿಕ ಆಕ್ರೋಶವನ್ನು ಹುಟ್ಟುಹಾಕಿದೆ
ತೈಲ ಪ್ರತಿಭಟನಾಕಾರರ ವಿರುದ್ಧ ಲಿಬಿಯಾ ಸೇನಾ ಕ್ರಮಕ್ಕೆ ಬೆದರಿಕೆ ಹಾಕಿದೆ,ಪ್ರಿನ್ಸ್‌ಟನ್‌ನಲ್ಲಿ ಬಾಂಬ್ ಬೆದರಿಕೆ ಪಡೆಗಳ ಸ್ಥಳಾಂತರಿಸುವಿಕೆ
ಈಜಿಪ್ಟ್ ಹೊಸ ಹಂಗಾಮಿ ನಾಯಕನಾಗಿ ಪ್ರಮಾಣ ವಚನ ಸ್ವೀಕರಿಸಿದೆ,ಈಜಿಪ್ಟ್ ಸೈನ್ಯವು ಬ್ರದರ್ಹುಡ್ ಅನ್ನು ಭೇದಿಸುತ್ತದೆ
ಸಿರಿಯಾವನ್ನು ತೊರೆದ ರಷ್ಯನ್ನರು ಲೆಬನಾನ್‌ಗೆ ದಾಟುತ್ತಾರೆ,ಲೆಬನಾನ್‌ನಲ್ಲಿರುವ ಸಿರಿಯನ್ ನಿರಾಶ್ರಿತರಿಗೆ ರಷ್ಯಾ ಮಾನವೀಯ ನೆರವು ನೀಡುತ್ತದೆ
"ವಾಟರ್‌ಫೋರ್ಡ್, ಡಬ್ಲಿನ್ ಕರಾವಳಿಯಲ್ಲಿ ಹತ್ತು ಮಂದಿಯನ್ನು ರಕ್ಷಿಸಲಾಗಿದೆ",ಡಬ್ಲಿನ್ ಕೊಲ್ಲಿಯಲ್ಲಿ ದೋಣಿ ಮುಳುಗಿ ಆರು ಮಂದಿಯನ್ನು ರಕ್ಷಿಸಲಾಗಿದೆ
ದಕ್ಷಿಣ ಆಫ್ರಿಕಾದ ಐಕಾನ್ ನೆಲ್ಸನ್ ಮಂಡೇಲಾ ಆಸ್ಪತ್ರೆಗೆ ದಾಖಲು,ದಕ್ಷಿಣ ಆಫ್ರಿಕಾದ ನೆಲ್ಸನ್ ಮಂಡೇಲಾ ಆಸ್ಪತ್ರೆಗೆ ದಾಖಲು
ಅಫ್ಘಾನಿಸ್ತಾನದಲ್ಲಿ ಪಾಕಿಸ್ತಾನದ ಹಿರಿಯ ತಾಲಿಬಾನ್ ಕಮಾಂಡರ್ ಸೆರೆಹಿಡಿಯಲಾಗಿದೆ,ಪಾಕಿಸ್ತಾನದ ಶಿಯಾಗಳು ಉಗ್ರಗಾಮಿಗಳಿಂದ ರಕ್ಷಣೆ ಬಯಸುತ್ತಾರೆ
ಪೂರ್ವ ಅಫ್ಘಾನಿಸ್ತಾನದಲ್ಲಿ ಸ್ಫೋಟದಲ್ಲಿ 10 ಯುವತಿಯರು ಸಾವನ್ನಪ್ಪಿದ್ದಾರೆ,ದಕ್ಷಿಣ ಅಫ್ಘಾನಿಸ್ತಾನದಲ್ಲಿ ಸ್ಫೋಟದಲ್ಲಿ ಒಂಬತ್ತು ಮಂದಿ ಸಾವನ್ನಪ್ಪಿದ್ದಾರೆ ಎಂದು ಅಧಿಕಾರಿಗಳು ತಿಳಿಸಿದ್ದಾರೆ
ಷೇರುಗಳು 0.39% ಹೆಚ್ಚಿನದನ್ನು ಮುಚ್ಚುತ್ತವೆ,ಸಿಂಗಾಪುರದ ಷೇರುಗಳು 0.31% ನಷ್ಟು ಕಡಿಮೆಯಾಗಿದೆ
ಒಬಾಮಾ ಬುಧವಾರ ಬಂದೂಕು ನಿಯಂತ್ರಣ ಯೋಜನೆಗಳನ್ನು ಘೋಷಿಸಲಿದ್ದಾರೆ,ಬಂದೂಕು ನಿಯಂತ್ರಣ ಯೋಜನೆಗಳನ್ನು ರೂಪಿಸಲು ಒಬಾಮಾ
ಪಶ್ಚಿಮ ಚೀನಾದ ಹಿಂಸಾಚಾರದಲ್ಲಿ ಸತ್ತವರ ಸಂಖ್ಯೆ 35 ಕ್ಕೆ ಏರಿದೆ,ತುರ್ತು: ಈಶಾನ್ಯ ಚೀನಾ ಬೆಂಕಿಯಲ್ಲಿ ಸಾವಿನ ಸಂಖ್ಯೆ 112 ಕ್ಕೆ ಏರಿಕೆಯಾಗಿದೆ
ಸಿರಿಯಾದ ರಾಸಾಯನಿಕ ಶಸ್ತ್ರಾಸ್ತ್ರಗಳು ಸಮುದ್ರದಲ್ಲಿ ಕೊನೆಗೊಳ್ಳಬಹುದು,ಸಮುದ್ರದಲ್ಲಿ ಸಿರಿಯಾದ ರಾಸಾಯನಿಕ ಶಸ್ತ್ರಾಸ್ತ್ರ ಸಂಗ್ರಹವನ್ನು ನಾಶಪಡಿಸಲು US
ಫಿಲಿಪೈನ್ಸ್‌ನಲ್ಲಿ ಪ್ರವಾಹಕ್ಕೆ ಆರು ಮಂದಿ ಬಲಿಯಾಗಿದ್ದಾರೆ,ಫಿಲಿಪೈನ್ಸ್‌ನಲ್ಲಿ ಭಾರೀ ಮಳೆಗೆ 18 ಮಂದಿ ಸಾವನ್ನಪ್ಪಿದ್ದಾರೆ
ಕೇಂದ್ರದ ದುರ್ಬಳಕೆ ತನಿಖೆಯಲ್ಲಿ ಮೂವರನ್ನು ಬಿಡುಗಡೆ ಮಾಡಲಾಗಿದೆ,ಪಾಕಿಸ್ತಾನದಲ್ಲಿ ಮೂರು ಅಂತಸ್ತಿನ ಕಟ್ಟಡ ಕುಸಿದಿದೆ
ಇಮ್ರಾನ್ ನಾಲ್ಕು ಎನ್‌ಎ ಸ್ಥಾನಗಳಿಂದ ಸ್ಪರ್ಧಿಸಲಿದ್ದಾರೆ,ಇಮ್ರಾನ್ ಖಾನ್ ನಾಲ್ಕು ಎನ್ಎ ಸ್ಥಾನಗಳಿಂದ ಚುನಾವಣೆಗೆ ಸ್ಪರ್ಧಿಸಲಿದ್ದಾರೆ
ಲಾವೋಸ್ ವಿಮಾನ ಅಪಘಾತದಲ್ಲಿ ಆರು ಆಸ್ಟ್ರೇಲಿಯನ್ನರು ಸಾವನ್ನಪ್ಪಿದ್ದಾರೆ,ಲಾವೋಸ್ ವಿಮಾನ ಅಪಘಾತದಲ್ಲಿ ಹತ್ತಾರು ಮಂದಿ ಸಾವನ್ನಪ್ಪಿದ್ದಾರೆ
ಹೂಸ್ಟನ್ ಟೆಕ್ಸಾನ್ಸ್ ಮುಖ್ಯ ತರಬೇತುದಾರ ಗ್ಯಾರಿ ಕುಬಿಯಾಕ್ ಅವರು ಆಟದಲ್ಲಿ ಕುಸಿದುಬಿದ್ದ ನಂತರ ಆಸ್ಪತ್ರೆಗೆ ದಾಖಲಾಗಿದ್ದಾರೆ,ಕುಸಿತದ ನಂತರ ಟೆಕ್ಸಾನ್ಸ್ ತರಬೇತುದಾರ ಗ್ಯಾರಿ ಕುಬಿಯಾಕ್ ಸ್ಥಿರ ಸ್ಥಿತಿಯಲ್ಲಿದ್ದಾರೆ
ಫ್ಲೋರಿಡಾ ಕರಾವಳಿಯಲ್ಲಿ ದೋಣಿ ಮುಳುಗಿ 4 ಮಂದಿ ಸಾವು,ಸೇಂಟ್ ವಿನ್ಸೆಂಟ್ ದ್ವೀಪದಲ್ಲಿ ಭಾರೀ ಮಳೆಗೆ 8 ಮಂದಿ ಸಾವನ್ನಪ್ಪಿದ್ದಾರೆ
ಅಂಕಿತ್ ಚವಾಣ್ ಮದುವೆಗೆ ಷರತ್ತುಬದ್ಧ ಜಾಮೀನು ಮಂಜೂರು ಮಾಡಿದರು,ಅಂಕಿತ್ ಚವಾಣ್ ಮದುವೆಯಾಗಲು ಜಾಮೀನು ಮಂಜೂರು ಮಾಡಿದ್ದಾನೆ
ಮಾಜಿ ವರ್ಜೀನಿಯಾ ಗವರ್ನರ್ ಬಾಬ್ ಮೆಕ್‌ಡೊನೆಲ್ ವಿರುದ್ಧ ಭ್ರಷ್ಟಾಚಾರದ ಆರೋಪ ಹೊರಿಸಲಾಗಿದೆ,ವರ್ಜೀನಿಯಾದ ಮಾಜಿ ಗವರ್ನರ್ ಭ್ರಷ್ಟಾಚಾರದ ಆರೋಪ ಹೊತ್ತಿರುವ ಪತ್ನಿ ಬಾಬ್ ಮೆಕ್‌ಡೊನೆಲ್
ದಕ್ಷಿಣ ಕೊರಿಯಾದ ಸೈನಿಕರು ಉತ್ತರಕ್ಕೆ ಗಡಿ ದಾಟಲು ಪ್ರಯತ್ನಿಸುತ್ತಿರುವ ವ್ಯಕ್ತಿಯನ್ನು ಕೊಂದರು,ಉತ್ತರ ಕೊರಿಯಾ ದಕ್ಷಿಣಕ್ಕೆ ಕೊನೆಯ ಉಳಿದಿರುವ ಹಾಟ್‌ಲೈನ್ ಅನ್ನು ಮುಚ್ಚಿದೆ
ಜಪಾನ್‌ನ ಹೊನ್ಶುದಲ್ಲಿ 6.3 ತೀವ್ರತೆಯ ಭೂಕಂಪ ಸಂಭವಿಸಿದೆ,ಸಾಂಟಾ ಕ್ರೂಜ್ ದ್ವೀಪಗಳಲ್ಲಿ 6.0 ತೀವ್ರತೆಯ ಭೂಕಂಪ ಸಂಭವಿಸಿದೆ
ಈಜಿಪ್ಟ್‌ನಲ್ಲಿ ಮಾದಕವಸ್ತು ಕಳ್ಳಸಾಗಣೆಗಾಗಿ ಐವರು ವಿದೇಶಿಯರಿಗೆ ಮರಣದಂಡನೆ ವಿಧಿಸಲಾಗಿದೆ,ಮಾದಕವಸ್ತು ಕಳ್ಳಸಾಗಣೆ ಆರೋಪದ ಮೇಲೆ ಈಜಿಪ್ಟ್ ಪಾಕಿಸ್ತಾನಿ 5 ಮಂದಿಗೆ ಮರಣದಂಡನೆ ವಿಧಿಸಿದೆ
ಕಾರ್ಡಶಿಯಾನ್ ವಿಚ್ಛೇದನ ವಿಚಾರಣೆಗೆ ಸಿದ್ಧವಾಗಿದೆ,ಬೆಲೆ ಸಮರಕ್ಕೆ ಸಿದ್ಧವಾಗಿರುವ ಹಾರ್ಡ್-ಹಿಟ್ ಹೋಟೆಲ್‌ಗಳು
ಯುಎಸ್ ಅಧ್ಯಕ್ಷ ರೊನಾಲ್ಡ್ ರೇಗನ್ ಅವರ ಮಾಜಿ ವಕ್ತಾರರು ನಿಧನರಾದರು,ಮಾಜಿ ರೇಗನ್ ವಕ್ತಾರ ಲ್ಯಾರಿ ಸ್ಪೀಕ್ಸ್ 74 ನೇ ವಯಸ್ಸಿನಲ್ಲಿ ನಿಧನರಾದರು
"ನೈಋತ್ಯ ಚೀನಾ ರಸ್ತೆ ಅಪಘಾತದಲ್ಲಿ 10 ಸಾವು, ಐವರು ಗಾಯಗೊಂಡಿದ್ದಾರೆ","ಪೂರ್ವ ಚೀನಾ ರಸ್ತೆ ಅಪಘಾತದಲ್ಲಿ 1 ಸಾವು, 39 ಮಂದಿ ಗಾಯಗೊಂಡಿದ್ದಾರೆ"
ಐಕಾನ್ ಆಸ್ಪತ್ರೆಯಲ್ಲಿ ಉಳಿದಿರುವಂತೆ ಒಬಾಮಾ ಮಂಡೇಲಾ ಕುಟುಂಬವನ್ನು ಭೇಟಿಯಾದರು,ಮಂಡೇಲಾ ಕುಟುಂಬವನ್ನು ಭೇಟಿ ಮಾಡಲು ಒಬಾಮಾ ಆಸ್ಪತ್ರೆಗೆ ಭೇಟಿ ನೀಡುವುದಿಲ್ಲ
ಮಹಿಳೆಯರು ಹೆಚ್ಚಿನ ಕಾರು ವಿಮಾ ಕಂತುಗಳನ್ನು ಎದುರಿಸಬೇಕಾಗುತ್ತದೆ,ಮಹಿಳಾ ಚಾಲಕರು ವಿಮಾ ಪ್ರೀಮಿಯಂ ಹೆಚ್ಚಳವನ್ನು ಎದುರಿಸಬೇಕಾಗುತ್ತದೆ
ದುರ್ಬಲ ಗಳಿಕೆಗಳು ಆರಂಭಿಕ ವಹಿವಾಟಿನಲ್ಲಿ US ಸ್ಟಾಕ್‌ಗಳನ್ನು ಕಡಿಮೆಗೊಳಿಸುತ್ತವೆ,ದುರ್ಬಲ ಗಳಿಕೆಗಳು ವಾಲ್ ಸ್ಟ್ರೀಟ್‌ನಲ್ಲಿ ಷೇರುಗಳನ್ನು ಕಡಿಮೆಗೊಳಿಸುತ್ತವೆ
ಚೀನಾ ಯುಎಸ್ ನಿಯಂತ್ರಕರಿಗೆ ಆಡಿಟ್ ದಾಖಲೆಗಳಿಗೆ ಪ್ರವೇಶವನ್ನು ನೀಡುತ್ತದೆ,ತೈವಾನ್‌ಗೆ ಯುಎಸ್ ಶಸ್ತ್ರಾಸ್ತ್ರ ಮಾರಾಟವನ್ನು ಚೀನಾ ವಿರೋಧಿಸುತ್ತದೆ
ಹೆಲಿಕಾಪ್ಟರ್ ಪಬ್‌ಗೆ ಅಪ್ಪಳಿಸಿ ಮೂವರು ಸಾವನ್ನಪ್ಪಿರುವ ಶಂಕೆ,ಹೆಲಿಕಾಪ್ಟರ್ ಪಬ್ ಅಪಘಾತದಲ್ಲಿ ಮೂವರು ಸಾವನ್ನಪ್ಪಿರುವ ಶಂಕೆ ವ್ಯಕ್ತವಾಗಿದೆ
ಕ್ರಿಮಿನಲ್ ಚಟುವಟಿಕೆಗಾಗಿ ಚೀನಾದ ಜನರಲ್ ಮಗನಿಗೆ 10 ವರ್ಷಗಳ ಜೈಲು ಶಿಕ್ಷೆ,ಚೀನಾ ಸೇನೆಯ ಗಾಯಕರ ಮಗನಿಗೆ ಅಪರಾಧಕ್ಕಾಗಿ 10 ವರ್ಷ ಜೈಲು
ಆರಂಭಿಕ ವಹಿವಾಟಿನಲ್ಲಿ ಡಾಲರ್ ವಿರುದ್ಧ ರೂಪಾಯಿ 8 ಪೈಸೆ ಕುಸಿತ ಕಂಡಿದೆ,ಆರಂಭಿಕ ವಹಿವಾಟಿನಲ್ಲಿ ಡಾಲರ್ ಎದುರು ರೂಪಾಯಿ 22 ಪೈಸೆ ಏರಿಕೆ ಕಂಡಿದೆ
ಈಜಿಪ್ಟ್ ಸಂಸತ್ತಿನ ಚುನಾವಣೆಗೆ ಮೊದಲು ಅಧ್ಯಕ್ಷೀಯ ಚುನಾವಣೆಗಳನ್ನು ನಡೆಸಲು,ಈಜಿಪ್ಟ್‌ನ ಹಂಗಾಮಿ ಅಧ್ಯಕ್ಷರು ಹೊಸ ಸಚಿವ ಸಂಪುಟದಲ್ಲಿ ಪ್ರಮಾಣ ವಚನ ಸ್ವೀಕರಿಸಿದರು
ಇಸ್ರೇಲ್‌ನ ಪೆರೆಸ್ ಶಾಂತಿ ಮಾತುಕತೆಗೆ ಮರಳಲು ಒತ್ತಾಯಿಸುತ್ತಾನೆ,ಇಸ್ರೇಲ್‌ನ ಪೆರೆಸ್ ಶಾಂತಿ ಮಾತುಕತೆಗೆ ಮರಳಲು ಕರೆ ನೀಡಿದರು
ದಕ್ಷಿಣ ಆಫ್ರಿಕನ್ನರು ಮಂಡೇಲಾ ಸಮಾಧಿ ಎಂದು ಶೋಕಿಸುತ್ತಾರೆ,ಮಂಡೇಲಾ ಅವರ ಅಂತ್ಯಕ್ರಿಯೆಯನ್ನು ದಕ್ಷಿಣ ಆಫ್ರಿಕಾ ನಡೆಸಿತು
ಭಾರತೀಯ ಷೇರುಗಳು ಕೆಳಮಟ್ಟದಲ್ಲಿ ತೆರೆದಿವೆ,ಭಾರತೀಯ ಷೇರುಗಳು ಕುಸಿತ ಕಂಡಿವೆ
ಏಂಜಲೀನಾ ಜೋಲೀ ಅವರ ಚಿಕ್ಕಮ್ಮ ಕ್ಯಾನ್ಸರ್‌ನಿಂದ ಸಾಯುತ್ತಾರೆ,ಏಂಜಲೀನಾ ಜೋಲೀ ಮತ್ತು ಕ್ಯಾನ್ಸರ್ ಬಗ್ಗೆ ಸಂಕೀರ್ಣ ಸತ್ಯ
ಬೆಲ್‌ಫಾಸ್ಟ್‌ನಲ್ಲಿ ಪೊಲೀಸರೊಂದಿಗೆ ಸಂಕ್ಷಿಪ್ತ ಘರ್ಷಣೆಗಳು,ಟುನೀಶಿಯಾದಲ್ಲಿ ಶೋಕಿಗಳು ಪೊಲೀಸರೊಂದಿಗೆ ಘರ್ಷಣೆ ನಡೆಸಿದರು
ವೆನೆಜುವೆಲಾದ ಹ್ಯೂಗೋ ಚಾವೆಜ್ ಕ್ಯಾನ್ಸರ್ ನಿಂದ ನಿಧನರಾದರು,ವೆನೆಜುವೆಲಾದ ಅಧ್ಯಕ್ಷ ಹ್ಯೂಗೋ ಚಾವೆಜ್ 58 ನೇ ವಯಸ್ಸಿನಲ್ಲಿ ಕ್ಯಾನ್ಸರ್ ನಿಂದ ನಿಧನರಾದರು
ಯುಎಸ್ ಅಧಿಕಾರಿಗಳು ರಿಸಿನ್ ತನಿಖೆಯಲ್ಲಿ ವ್ಯಕ್ತಿಯನ್ನು ಆರೋಪಿಸಿದ್ದಾರೆ,ದಕ್ಷಿಣ ಆಫ್ರಿಕಾದ ಪೊಲೀಸರು ಕೃಷಿ ಪ್ರತಿಭಟನೆಯಲ್ಲಿ 50 ಜನರನ್ನು ಬಂಧಿಸಿದರು
ಜಾಂಬಿಯಾದ ಮಾಜಿ ಅಧ್ಯಕ್ಷ ಬಂಧನ,ಜಾಂಬಿಯಾ ಮಾಜಿ ಅಧ್ಯಕ್ಷ ರೂಪಯ್ಯ ಬಂದಾ ಬಂಧನ
"ಬಾಂಗ್ಲಾದೇಶ ಕಟ್ಟಡಗಳ ಸಂಖ್ಯೆ 352 ಕ್ಕೆ ಏರಿದ್ದು, ನಾಲ್ವರನ್ನು ಬಂಧಿಸಲಾಗಿದೆ",ಬಾಂಗ್ಲಾದೇಶ ಕಟ್ಟಡದ ಸಂಖ್ಯೆ 372 ತಲುಪುತ್ತಿದ್ದಂತೆ ಮಾಲೀಕರ ಬಂಧನ
26 ಪ್ಯಾಲೆಸ್ತೀನ್ ಕೈದಿಗಳನ್ನು ಇಸ್ರೇಲಿ ಜೈಲಿನಿಂದ ಬಿಡುಗಡೆ ಮಾಡಲಾಗಿದೆ,"ಪ್ಯಾಲೇಸ್ಟಿನಿಯನ್ ಖೈದಿ ಕ್ಯಾನ್ಸರ್ ನಿಂದ ಸಾಯುತ್ತಾನೆ, ಇಸ್ರೇಲ್ ಜೈಲುಗಳಲ್ಲಿ ಅಶಾಂತಿ"
ಕಾಶ್ಮೀರದ ನಿಯಂತ್ರಣ ರೇಖೆಯಲ್ಲಿ ಭಾರತೀಯ ಸೈನಿಕರು ಪಾಕಿಸ್ತಾನಿ ಸೈನಿಕನನ್ನು ಕೊಂದಿದ್ದಾರೆ,ಭಾರತೀಯ ಸೈನಿಕರು ಪಾಕಿಸ್ತಾನದ ಸೇನಾ ಪೋಸ್ಟ್ ಮೇಲೆ ದಾಳಿ ನಡೆಸಿದ್ದಾರೆ
"ಸಿರಿಯಾ ಆಡಳಿತವು 5,000 ಜನರನ್ನು ಸ್ಥಳಾಂತರಿಸುವುದಾಗಿ ಹೇಳಿಕೊಂಡಿದೆ",ಸಿರಿಯಾ ಸೇನೆಯು ತೆರವು ಕಾರ್ಯಾಚರಣೆಯನ್ನು ಮುಂದುವರೆಸಿದೆ
ಫ್ಯಾಷನ್ ಡಿಸೈನರ್ ಲಿಲ್ಲಿ ಪುಲಿಟ್ಜರ್ ನಿಧನ,"ಡಿಸೈನರ್, ಸಮಾಜವಾದಿ ಲಿಲ್ಲಿ ಪುಲಿಟ್ಜರ್ 81 ನೇ ವಯಸ್ಸಿನಲ್ಲಿ ನಿಧನರಾದರು"
ಬಂದೂಕುಧಾರಿಗಳು ಗ್ರಾಮದ ಮೇಲೆ ದಾಳಿ ನಡೆಸಿದ್ದರಿಂದ ಹನ್ನೆರಡು ಮಂದಿ ಸಾವನ್ನಪ್ಪಿದರು,ಭಾರತದಲ್ಲಿ ನಡೆದ ಸ್ಫೋಟಗಳಲ್ಲಿ ಐವರು ಬಲಿ
ಬ್ರೆಜಿಲಿಯನ್ ನಾಯಕ ಬೀದಿ ಪ್ರತಿಭಟನೆಗಳ ಕುರಿತು ಬಿಕ್ಕಟ್ಟಿನ ಮಾತುಕತೆಗಳನ್ನು ನಡೆಸುತ್ತಾನೆ,ಬ್ರೆಜಿಲ್ ನಾಯಕ ಸುಧಾರಣಾ ಮತದಾನದ ಭರವಸೆ
"ಪಶ್ಚಿಮ ಚೀನಾದಲ್ಲಿ ಪ್ರಬಲ ಭೂಕಂಪ ಸಂಭವಿಸಿದ್ದು, 47 ಮಂದಿ ಸಾವನ್ನಪ್ಪಿದ್ದಾರೆ",ಪಶ್ಚಿಮ ಚೀನಾದಲ್ಲಿ ಸಂಭವಿಸಿದ ಪ್ರಬಲ ಭೂಕಂಪದಲ್ಲಿ ಕನಿಷ್ಠ 75 ಮಂದಿ ಸಾವನ್ನಪ್ಪಿದ್ದಾರೆ
ಹೊಸ ಜಪಾನ್ ಸರ್ಕಾರವು ಪೆಸಿಫಿಕ್ ವ್ಯಾಪಾರ ಒಪ್ಪಂದಕ್ಕೆ ಸೇರುವ ಸುಳಿವು: ವರದಿ,ಜಪಾನ್ ಮತ್ತು ಯುಎಸ್ ಪ್ರಾದೇಶಿಕ ವ್ಯಾಪಾರ ಒಪ್ಪಂದಕ್ಕೆ ಸಂಬಂಧಿಸಿ ಮಾತುಕತೆ ನಡೆಸುತ್ತವೆ
ಆಶ್ರಯ ನೀಡಿದ್ದಕ್ಕಾಗಿ ಸ್ನೋಡೆನ್ ರಷ್ಯಾಕ್ಕೆ ಧನ್ಯವಾದಗಳು,ಆಶ್ರಯ ನೀಡಿದ್ದಕ್ಕಾಗಿ ಸ್ನೋಡೆನ್ ರಷ್ಯಾಕ್ಕೆ ಧನ್ಯವಾದಗಳು
900 ವಸಾಹತು ಮನೆಗಳನ್ನು ನಿರ್ಮಿಸುವ ಯೋಜನೆಯನ್ನು ಇಸ್ರೇಲ್ ಮುನ್ನಡೆಸುತ್ತದೆ,ಇಸ್ರೇಲ್ ಹೊಸ ವಸಾಹತುಗಾರರ ಮನೆಗಳ ಯೋಜನೆಗಳನ್ನು ಅನಾವರಣಗೊಳಿಸುತ್ತದೆ
ಫ್ರೆಂಚ್ ಪಡೆಗಳು ಪ್ರಮುಖ ಮಾಲಿ ಪಟ್ಟಣವನ್ನು ವಶಪಡಿಸಿಕೊಂಡವು,ಫ್ರೆಂಚ್ ಪಡೆಗಳು ಪ್ರಮುಖ ಪಟ್ಟಣವನ್ನು ವಶಪಡಿಸಿಕೊಂಡವು
"ವೆಬ್‌ಸೈಟ್‌ಗಳು ಅಸಹ್ಯ ಕಾಮೆಂಟ್‌ಗಳು, ಅನಾಮಧೇಯತೆಯ ವಿರುದ್ಧ ಹೋರಾಡುತ್ತವೆ",ವೆಬ್‌ಸೈಟ್‌ಗಳು ಅನಾಮಧೇಯತೆಯನ್ನು ತೆಗೆದುಹಾಕುವ ಮೂಲಕ ಅಸಹ್ಯವಾದ ಕಾಮೆಂಟ್‌ಗಳ ವಿರುದ್ಧ ಹೋರಾಡುತ್ತವೆ
ಬೋಸ್ಟನ್ ಬಾಂಬ್ ಸ್ಫೋಟದ ಶಂಕಿತನನ್ನು ವರ್ಜೀನಿಯಾದಲ್ಲಿ ಸಮಾಧಿ ಮಾಡಲಾಗಿದೆ,ಬೋಸ್ಟನ್ ಬಾಂಬ್ ಶಂಕಿತನನ್ನು ವರ್ಜೀನಿಯಾ ಸ್ಮಶಾನದಲ್ಲಿ ಸಮಾಧಿ ಮಾಡಲಾಗಿದೆ
ಒಬಾಮಾ ಉದ್ಘಾಟನೆಗೆ ಯುಎಸ್ ಸಜ್ಜಾಗಿದೆ,ಇರಾನ್ ಉದ್ಘಾಟನೆಗೆ ಮುನ್ನ US ಹೌಸ್ ಹೊಸ ನಿರ್ಬಂಧಗಳನ್ನು ಬೆಂಬಲಿಸುತ್ತದೆ
"ಪಾಕಿಸ್ತಾನದ ಸ್ಫೋಟದಲ್ಲಿ 5 ಸಾವು, 50 ಮಂದಿ ಗಾಯಗೊಂಡಿದ್ದಾರೆ","ಬೋಸ್ಟನ್ ಸ್ಫೋಟದಲ್ಲಿ 3 ಮಂದಿ ಸಾವನ್ನಪ್ಪಿದ್ದಾರೆ, 138 ಮಂದಿ ಗಾಯಗೊಂಡಿದ್ದಾರೆ"
ನ್ಯಾಷನಲ್ ಮಾಲ್‌ನಲ್ಲಿ ವ್ಯಕ್ತಿ ಬೆಂಕಿ ಹಚ್ಚಿಕೊಂಡಿದ್ದಾನೆ,ವಾಷಿಂಗ್ಟನ್‌ನ ನ್ಯಾಷನಲ್ ಮಾಲ್‌ನಲ್ಲಿ ವ್ಯಕ್ತಿಯೊಬ್ಬ ಬೆಂಕಿ ಹಚ್ಚಿಕೊಂಡಿದ್ದಾನೆ
ಗುಂಡಿನ ದಾಳಿಯ ನಂತರ US ಕ್ಯಾಪಿಟಲ್ ಹಿಲ್ ಲಾಕ್‌ಡೌನ್‌ನಲ್ಲಿದೆ,ಲೈವ್ ವೀಕ್ಷಿಸಿ: ಗುಂಡಿನ ದಾಳಿಯ ವರದಿಗಳ ನಂತರ US ಕ್ಯಾಪಿಟಲ್ ಲಾಕ್‌ಡೌನ್ ಆಗಿದೆ
"NW ಪಾಕಿಸ್ತಾನದಲ್ಲಿ ಬಾಂಬ್ ಸ್ಫೋಟದಲ್ಲಿ 12 ಮಂದಿ ಸಾವನ್ನಪ್ಪಿದ್ದಾರೆ, 25 ಮಂದಿ ಗಾಯಗೊಂಡಿದ್ದಾರೆ","NW ಪಾಕಿಸ್ತಾನದಲ್ಲಿ ಸ್ಫೋಟದಲ್ಲಿ 6 ಮಂದಿ ಸಾವನ್ನಪ್ಪಿದ್ದಾರೆ, 12 ಮಂದಿ ಗಾಯಗೊಂಡಿದ್ದಾರೆ"
ಚೀನಾದ ನ್ಯಾಯಾಲಯವು ಮೆಕಾಂಗ್ ಕೊಲೆಗಾರರಿಗೆ ಮರಣದಂಡನೆಯನ್ನು ಎತ್ತಿಹಿಡಿದಿದೆ,ಮೆಕಾಂಗ್ ಕೊಲೆಗಾರರಿಗೆ ನ್ಯಾಯಾಲಯವು ಮರಣದಂಡನೆಯನ್ನು ಎತ್ತಿಹಿಡಿದಿದೆ
ಪಾಕಿಸ್ತಾನದ ಶಾಲಾ ಬಸ್ ಮೇಲೆ ಗ್ಯಾಸ್ ಸಿಲಿಂಡರ್ ಸ್ಫೋಟಗೊಂಡು 17 ಮಂದಿ ಸಾವು,ಮಾರಣಾಂತಿಕ ಗ್ಯಾಸ್ ಸಿಲಿಂಡರ್ ಸ್ಫೋಟವು ಪಾಕಿಸ್ತಾನದ ಶಾಲಾ ಬಸ್‌ಗೆ ಅಪ್ಪಳಿಸಿತು
ಇಸ್ರೇಲಿ ಪಡೆಗಳು ಪಶ್ಚಿಮ ದಂಡೆಯಲ್ಲಿ 5 ಪ್ಯಾಲೆಸ್ಟೀನಿಯರನ್ನು ಬಂಧಿಸಿವೆ,ಇಸ್ರೇಲಿ ಪಡೆಗಳು ಪಶ್ಚಿಮ ದಂಡೆಯಾದ್ಯಂತ ಐದು ಪ್ಯಾಲೆಸ್ಟೀನಿಯನ್ನರನ್ನು ಬಂಧಿಸಿವೆ
ಜರ್ಮನಿಯ ಚುನಾವಣೆಯಲ್ಲಿ ಏಂಜೆಲಾ ಮರ್ಕೆಲ್ ಮೂರನೇ ಬಾರಿಗೆ ಗೆದ್ದಿದ್ದಾರೆ,ಜರ್ಮನಿ ಚುನಾವಣೆಯಲ್ಲಿ ಮರ್ಕೆಲ್ ದೊಡ್ಡ ಗೆಲುವು ಸಾಧಿಸಿದ್ದಾರೆ
ದಕ್ಷಿಣ ಕೊರಿಯಾದ ಕಾರ್ಮಿಕರು ಜಂಟಿ ಕಾರ್ಖಾನೆ ವಲಯವನ್ನು ತೊರೆಯಲು ಪ್ರಾರಂಭಿಸುತ್ತಾರೆ,ದಕ್ಷಿಣ ಕೊರಿಯಾದ ಕಾರ್ಮಿಕರು ಜಂಟಿ ಕಾರ್ಖಾನೆ ವಲಯವನ್ನು ತೊರೆಯಲು ಸಿದ್ಧರಾಗಿದ್ದಾರೆ
ರಷ್ಯಾದ ರೈಲು ನಿಲ್ದಾಣದಲ್ಲಿ ಆತ್ಮಾಹುತಿ ಬಾಂಬ್ ದಾಳಿಯಲ್ಲಿ 15 ಮಂದಿ ಸಾವನ್ನಪ್ಪಿದರು ಮತ್ತು ಹಲವಾರು ಮಂದಿ ಗಾಯಗೊಂಡರು,ರಷ್ಯಾದ ರೈಲು ನಿಲ್ದಾಣದಲ್ಲಿ ಆತ್ಮಾಹುತಿ ಬಾಂಬ್ ದಾಳಿ 14 ಮಂದಿ ಸಾವು
ಕಾಂಬೋಡಿಯಾದ ವಿರೋಧ ಪಕ್ಷದ ನಾಯಕ ಸ್ಯಾಮ್ ರೈನ್ಸಿ ಚುನಾವಣೆಯನ್ನು ಪ್ರಚೋದಿಸಲು ಹಿಂದಿರುಗಿದ್ದಾರೆ,ಚುನಾವಣಾ ಬಿಡ್‌ನಲ್ಲಿ ಕಾಂಬೋಡಿಯಾ ವಿರೋಧ ಪಕ್ಷದ ಮುಖ್ಯಸ್ಥರು ಸಂಸತ್ತಿನತ್ತ ತಿರುಗಿದ್ದಾರೆ
ಒಬಾಮಾ ಸುಂಟರಗಾಳಿಯಿಂದ ಧ್ವಂಸಗೊಂಡ ಒಕ್ಲಹೋಮಕ್ಕೆ ಪ್ರಯಾಣಿಸುತ್ತಾರೆ,ಒಬಾಮಾ ಸುಂಟರಗಾಳಿ ಒಕ್ಲಹೋಮಕ್ಕೆ ಭೇಟಿ ನೀಡಿದರು
ಬಿಡೆನ್ ಯುಎಸ್-ಚೀನಾ ಸಂಬಂಧಗಳಲ್ಲಿ ನಂಬಿಕೆಗೆ ಕರೆ ನೀಡುತ್ತಾರೆ,ಬಿಡೆನ್ ಚೀನಾದೊಂದಿಗೆ 'ಹೊಸ ಸಂಬಂಧ' ನಿರ್ಮಿಸುವಲ್ಲಿ ನಂಬಿಕೆಗೆ ಕರೆ ನೀಡುತ್ತಾರೆ
ಕೆರ್ರಿ: $4b ಪ್ಯಾಲೇಸ್ಟಿನಿಯನ್ ಆರ್ಥಿಕ ಯೋಜನೆ ಕೆಲಸ ಮಾಡಬಹುದು,ಕೆರ್ರಿ: ಇರಾನ್ ಜೊತೆ ಪರಮಾಣು ಮಾತುಕತೆಯಲ್ಲಿ ಇನ್ನೂ ಯಾವುದೇ ಒಪ್ಪಂದವಿಲ್ಲ
ಸೆಂಟ್ರಲ್ ಆಫ್ರಿಕನ್ ರಿಪಬ್ಲಿಕ್ ಹೋರಾಟದಲ್ಲಿ ಹತ್ತಾರು ಜನರು ಸತ್ತರು,ಮಧ್ಯ ಆಫ್ರಿಕನ್ ಗಣರಾಜ್ಯದಲ್ಲಿ ಘರ್ಷಣೆಯ ನಂತರ 98 ಸಾವು
ಪೊಲೀಸ್ ಹಿಂಸಾಚಾರವನ್ನು ವಿರೋಧಿಸಿ 2 ಟರ್ಕಿಶ್ ಒಕ್ಕೂಟಗಳು ಸೋಮವಾರ ಮುಷ್ಕರಕ್ಕೆ ಕರೆ ನೀಡಿವೆ,ಟರ್ಕಿ ಅಶಾಂತಿ: ಪೊಲೀಸ್ ದಬ್ಬಾಳಿಕೆ ವಿರುದ್ಧ ಒಕ್ಕೂಟಗಳು ಮುಷ್ಕರಕ್ಕೆ ಕರೆ ನೀಡಿವೆ
ನೈಜೀರಿಯಾದ ತೈಲ ಪ್ರದೇಶದಲ್ಲಿ ಬಂದೂಕುಧಾರಿಗಳು ಪೊಲೀಸ್ ದೋಣಿಗೆ ಹೊಂಚುದಾಳಿ ನಡೆಸಿದರು,ಸುಡಾನ್ ಪೊಲೀಸರು ಮಾನವ ಹಕ್ಕುಗಳ ಆಯೋಗದ ಪ್ರತಿಭಟನೆಯನ್ನು ತಡೆದರು
"ಅಫ್ಘಾನಿಸ್ತಾನದಲ್ಲಿ ""ಒಳಗಿನ"" ದಾಳಿಯಲ್ಲಿ ಇಬ್ಬರು ಯುಎಸ್ ಸೈನಿಕರು ಕೊಲ್ಲಲ್ಪಟ್ಟರು",NW ಪಾಕಿಸ್ತಾನದಲ್ಲಿ ಬಾಂಬ್ ದಾಳಿಯಲ್ಲಿ 8 ಸೈನಿಕರು ಸಾವನ್ನಪ್ಪಿದ್ದಾರೆ
ಫೆರರ್ ಆಸ್ಟ್ರೇಲಿಯನ್ ಓಪನ್ ಕ್ವಾರ್ಟರ್-ಫೈನಲ್‌ಗೆ ಪ್ರಯಾಣ ಬೆಳೆಸಿದರು,ಫೆರರ್ ನಿಶಿಕೋರಿಯನ್ನು ಸೋಲಿಸಿ ಆಸ್ಟ್ರೇಲಿಯನ್ ಓಪನ್ ಕ್ವಾರ್ಟರ್ ಫೈನಲ್‌ಗೆ ಪ್ರವೇಶಿಸಿದರು
ಪೋಪ್ ಫ್ರಾನ್ಸಿಸ್ ದುಃಖದ ಬಗ್ಗೆ ಜಾಗತಿಕ ಉದಾಸೀನತೆಯನ್ನು ಖಂಡಿಸಿದ್ದಾರೆ,ಪೋಪ್ ಫ್ರಾನ್ಸಿಸ್ ಅವರು ಲ್ಯಾಂಪೆಡುಸಾದಲ್ಲಿ ಸತ್ತ ವಲಸಿಗರನ್ನು ಸ್ಮರಿಸುತ್ತಾರೆ
"ಉತ್ತರ, ದಕ್ಷಿಣ ಕೊರಿಯಾ ಮಾತುಕತೆಗೆ ಒಪ್ಪಿಗೆ","ಉತ್ತರ, ದಕ್ಷಿಣ ಕೊರಿಯಾ ಅಪರೂಪದ ಮಾತುಕತೆ ನಡೆಸುತ್ತವೆ"
"ಕೀನ್ಯಾ ಪೊಲೀಸರು ಪ್ರಮುಖ ಅಲ್-ಶಬಾಬ್ ನೇಮಕಾತಿ, ಹಣಕಾಸುದಾರನನ್ನು ಬಂಧಿಸಿದ್ದಾರೆ",ಕೀನ್ಯಾ: ಭಯೋತ್ಪಾದನಾ ವಿರೋಧಿ ಪೊಲೀಸರಿಂದ ಜೋಡಿಯನ್ನು ಬಂಧಿಸಲಾಗಿದೆ
"ಬೋಸ್ಟನ್ ಮ್ಯಾರಥಾನ್‌ನಲ್ಲಿ ಬಾಂಬ್‌ಗಳು ಇಬ್ಬರು ಜನರನ್ನು ಕೊಂದರು, ಡಜನ್ಗಟ್ಟಲೆ ಗಾಯಗೊಂಡರು",ಬೋಸ್ಟನ್ ಮ್ಯಾರಥಾನ್ ದಾಳಿಯಲ್ಲಿ ಕೇವಲ ಎರಡು ಬಾಂಬ್‌ಗಳು ಮಾತ್ರ ಪತ್ತೆಯಾಗಿವೆ
ಶ್ರೀಲಂಕಾದೊಂದಿಗೆ ಪರಿಸರ ಸಹಭಾಗಿತ್ವದ ಆರಂಭಿಕ ತೀರ್ಮಾನಕ್ಕೆ ಅಧ್ಯಕ್ಷರು,ಶ್ರೀಲಂಕಾದೊಂದಿಗೆ ಆಳವಾದ ಆರ್ಥಿಕ ಸಂಬಂಧಕ್ಕಾಗಿ ಪಾಕಿಸ್ತಾನದ ಪ್ರಧಾನಿ
"ಗ್ರೀಕ್ ಶಾಪಿಂಗ್ ಮಾಲ್‌ನಲ್ಲಿ ಬಾಂಬ್ ಸ್ಫೋಟ, ಇಬ್ಬರು ಗಾಯಗೊಂಡಿದ್ದಾರೆ","ಅಥೆನ್ಸ್ ಶಾಪಿಂಗ್ ಮಾಲ್‌ನಲ್ಲಿ ಬಾಂಬ್ ಸ್ಫೋಟ, 2 ಮಂದಿ ಗಾಯಗೊಂಡಿದ್ದಾರೆ"
ದೈತ್ಯಾಕಾರದ ಟ್ರಕ್ ಅಪಘಾತದಲ್ಲಿ 7 ಸಾವು,ಮೆಕ್ಸಿಕೋದ ದೈತ್ಯಾಕಾರದ ಟ್ರಕ್ ಅಪಘಾತದಲ್ಲಿ 6 ಮಂದಿ ಸಾವನ್ನಪ್ಪಿದ್ದಾರೆ
ಹೋಟೆಲ್‌ನಲ್ಲಿ ಶಸ್ತ್ರಸಜ್ಜಿತ ದರೋಡೆಯಲ್ಲಿ ಕೇನ್ಸ್ ಕಳ್ಳನು $53 ಮಿಲಿಯನ್ ಆಭರಣಗಳನ್ನು ಕದಿಯುತ್ತಾನೆ,ದರೋಡೆಕೋರನು ಕೇನ್ಸ್‌ನಲ್ಲಿ $ 53 ಮಿಲಿಯನ್ ಮೌಲ್ಯದ ಆಭರಣಗಳನ್ನು ಕದ್ದಿದ್ದಾನೆ ಎಂದು ಪೊಲೀಸರು ಹೇಳುತ್ತಾರೆ
ಪಾಕಿಸ್ತಾನದಲ್ಲಿ ಬಂದೂಕುಧಾರಿಗಳು ಮಹಿಳಾ ರಾಜಕಾರಣಿಯನ್ನು ಕೊಂದಿದ್ದಾರೆ,ಪಾಕಿಸ್ತಾನದಲ್ಲಿ ಬಂದೂಕುಧಾರಿಗಳು ಐವರು ಮಹಿಳಾ ಶಿಕ್ಷಕರನ್ನು ಕೊಂದಿದ್ದಾರೆ
ಅತ್ಯಂತ ಹಿರಿಯ ಅಫ್ಘಾನ್ ತಾಲಿಬಾನ್ ಕೈದಿಗಳನ್ನು ಬಿಡುಗಡೆ ಮಾಡಲು ಪಾಕಿಸ್ತಾನ,ಪಾಕಿಸ್ತಾನವು ಶನಿವಾರದಂದು ಹಿರಿಯ ತಾಲಿಬಾನ್ ಕಮಾಂಡರ್ ಅನ್ನು ಬಿಡುಗಡೆ ಮಾಡಲಿದೆ
ಮುಬಾರಕ್ ಬಿಡುಗಡೆಗೆ ಈಜಿಪ್ಟ್ ಕೋರ್ಟ್ ಆದೇಶ,ಈಜಿಪ್ಟ್ ಕೋರ್ಟ್ ಮುಬಾರಕ್ ಬಿಡುಗಡೆಗೆ ಆದೇಶ ನೀಡಿದೆ
ನೆಲ್ಸನ್ ಮಂಡೇಲಾ ಶಸ್ತ್ರಚಿಕಿತ್ಸೆಗೆ ಒಳಗಾಗಿದ್ದಾರೆ,ನೆಲ್ಸನ್ ಮಂಡೇಲಾ ಚೇತರಿಸಿಕೊಳ್ಳುತ್ತಿದ್ದಾರೆ
ರೂಪಾಯಿ ಕುಸಿತದಿಂದಾಗಿ ಬಾಲಿವುಡ್ ವೆಚ್ಚವನ್ನು ಮೂರನೇ ಒಂದು ಭಾಗದಷ್ಟು ಕಡಿತಗೊಳಿಸುತ್ತದೆ,ರೂಪಾಯಿ ಬಿಕ್ಕಟ್ಟು ಕಚ್ಚುತ್ತಿದ್ದಂತೆ ಬಾಲಿವುಡ್ ವೆಚ್ಚವನ್ನು ಕಡಿತಗೊಳಿಸುತ್ತದೆ
"ಸುಂಟರಗಾಳಿಗಳು ಮಧ್ಯಪಶ್ಚಿಮದಲ್ಲಿ ಹರಿದು, 6 ಜನರನ್ನು ಕೊಲ್ಲುತ್ತವೆ ಮತ್ತು ನೆರೆಹೊರೆಗಳನ್ನು ವಿನಾಶಗೊಳಿಸುತ್ತವೆ","ಸುಂಟರಗಾಳಿಗಳು, ಹಾನಿಕಾರಕ ಚಂಡಮಾರುತಗಳು ಯುಎಸ್ ಮಿಡ್ವೆಸ್ಟ್ ಅನ್ನು ಅಪ್ಪಳಿಸಿ, 5 ಜನರನ್ನು ಕೊಂದವು"
ಸಿಂಗಾಪುರದ ಷೇರುಗಳು ಶೇಕಡಾ 0.26 ರಷ್ಟು ಕೊನೆಗೊಂಡಿವೆ,ಸಿಂಗಾಪುರದ ಷೇರುಗಳು 0.11 ರಷ್ಟು ಕೊನೆಗೊಂಡಿವೆ
ಚೀನಾದ ಹೊಸ ಪ್ರಧಾನಿ ಯುಎಸ್ ಹ್ಯಾಕಿಂಗ್ ಹಕ್ಕುಗಳನ್ನು ತಿರಸ್ಕರಿಸಿದ್ದಾರೆ,ಚೀನಾದ ಪ್ರೀಮಿಯರ್ ಲಿ 'ಆಧಾರರಹಿತ' ಯುಎಸ್ ಹ್ಯಾಕಿಂಗ್ ಆರೋಪಗಳನ್ನು ತಿರಸ್ಕರಿಸಿದ್ದಾರೆ
ಪಿ.ಜಿ. ಮಗು ಸಾವನ್ನಪ್ಪಿದ ಅಪಘಾತದಲ್ಲಿ ಚಾಲಕನನ್ನು ಹುಡುಕುತ್ತಿರುವ ಪೊಲೀಸರು,ನ್ಯೂ ಓರ್ಲಿಯನ್ಸ್ ತಾಯಂದಿರ ದಿನದ ಪರೇಡ್ ಶೂಟಿಂಗ್‌ನಲ್ಲಿ ಪೊಲೀಸರು ಬಂದೂಕುಧಾರಿಗಳನ್ನು ಹುಡುಕುತ್ತಿದ್ದಾರೆ
ಪೆಂಟಗನ್ ಸಿರಿಯಾದ ಮೇಲೆ ಹೆಚ್ಚು ತೀವ್ರವಾದ ದಾಳಿಯ ಯೋಜನೆಗಳನ್ನು ಸರಿಹೊಂದಿಸುತ್ತದೆ,ಪೋಪ್ ತನ್ನ ಸಿರಿಯಾ ಜಾಗರಣೆಯಲ್ಲಿ ಸೇರಿದ್ದಕ್ಕಾಗಿ ಸಾರ್ವಜನಿಕರಿಗೆ ಧನ್ಯವಾದಗಳು
ಅಫ್ಘಾನ್ ಶಾಸಕರು ಹೊಸ ಚುನಾವಣಾ ಕಾನೂನನ್ನು ಅನುಮೋದಿಸಿದ್ದಾರೆ,ಅಫ್ಘಾನ್ ಅಧ್ಯಕ್ಷರು ಹೊಸ ಚುನಾವಣಾ ಕಾನೂನನ್ನು ಅನುಮೋದಿಸಿದ್ದಾರೆ
ಈಜಿಪ್ಟ್ ಸೈನ್ಯವು ಅಪಹರಣಕಾರರ ಮೇಲೆ ದಾಳಿ ಮಾಡಲು ತಳ್ಳುತ್ತದೆ,ಈಜಿಪ್ಟ್‌ನ ಮೊರ್ಸಿ ಒತ್ತೆಯಾಳು ವೀಡಿಯೊ ಕಾಣಿಸಿಕೊಂಡಂತೆ ಮಾತುಕತೆಗಳನ್ನು ತಳ್ಳಿಹಾಕಿದರು
ಬೋಸ್ಟನ್ ಮ್ಯಾರಥಾನ್‌ನಲ್ಲಿ ಸಾಕ್ಷಿಗಳು ಜೋರಾಗಿ ಬೂಮ್‌ಗಳನ್ನು ಕೇಳುತ್ತಾರೆ,ಬೋಸ್ಟನ್ ಮ್ಯಾರಥಾನ್‌ನ ಅಂತಿಮ ಸಾಲಿನಲ್ಲಿ ಎರಡು ಸ್ಫೋಟಗಳ ವರದಿ
ಕೋಸ್ಟಾ ಕಾನ್ಕಾರ್ಡಿಯಾ ನಾಯಕನನ್ನು ನರಹತ್ಯೆಗಾಗಿ ವಿಚಾರಣೆಗೆ ಒಳಪಡಿಸಲಾಗುತ್ತದೆ,ಕೋಸ್ಟಾ ಕಾನ್ಕಾರ್ಡಿಯಾ ಬದುಕುಳಿದವರು ಒಂದು ವರ್ಷದ ನಂತರ ಅನುಭವದ ವಿವರ
ಕೀನ್ಯಾ ಸುಪ್ರೀಂ ಕೋರ್ಟ್ ಚುನಾವಣಾ ಫಲಿತಾಂಶವನ್ನು ಎತ್ತಿಹಿಡಿದಿದೆ,ಕೀನ್ಯಾ SC ಚುನಾವಣಾ ಫಲಿತಾಂಶವನ್ನು ಎತ್ತಿ ಹಿಡಿದಿದೆ
ಮ್ಯಾನ್ಮಾರ್‌ನ ಸೂ ಕಿ ಜಗಳಗಳ ನಡುವೆ ಪಕ್ಷದ ಏಕತೆಯನ್ನು ಒತ್ತಾಯಿಸಿದ್ದಾರೆ,ಜಗಳಗಳ ನಡುವೆ ಪಕ್ಷದ ಒಗ್ಗಟ್ಟಿಗೆ ಸೂ ಕಿ ಒತ್ತಾಯಿಸಿದ್ದಾರೆ
"ಶ್ವೇತಭವನ, ರಕ್ಷಣಾ ಗುತ್ತಿಗೆದಾರರು ಸ್ವಯಂಚಾಲಿತ ಖರ್ಚು ಕಡಿತದ ಹಾನಿಯನ್ನು ಚರ್ಚಿಸುತ್ತಾರೆ","ಶ್ವೇತಭವನ, ರಕ್ಷಣಾ ಸಂಸ್ಥೆಗಳು ಸ್ವಯಂಚಾಲಿತ ಖರ್ಚು ಕಡಿತವನ್ನು ಚರ್ಚಿಸುತ್ತವೆ"
ಕೊಲೊರಾಡೋ ಪ್ರವಾಹದಲ್ಲಿ ಸತ್ತವರ ಸಂಖ್ಯೆ ನಾಲ್ಕಕ್ಕೆ ಏರಿದೆ,ಕೊಲೊರಾಡೋ ಪ್ರವಾಹದಲ್ಲಿ ಸಾವಿರಾರು ಜನರನ್ನು ಸ್ಥಳಾಂತರಿಸಲು ಹೇಳಿದರು
US ಸೆನೆಟ್ ಯೆಲೆನ್‌ರನ್ನು ಫೆಡ್‌ನ ಮುಂದಿನ ಅಧ್ಯಕ್ಷರನ್ನಾಗಿ ದೃಢಪಡಿಸುತ್ತದೆ,ಯುಎಸ್ ಸೆನೆಟ್ ಹೊಸ ಸೆಂಟ್ರಲ್ ಬ್ಯಾಂಕ್ ಮುಖ್ಯಸ್ಥರಾಗಿ ಜಾನೆಟ್ ಯೆಲೆನ್ ಅವರನ್ನು ದೃಢೀಕರಿಸಿದೆ
ಏಷ್ಯನ್ ಷೇರುಗಳು ಲವಲವಿಕೆಯ ಡೇಟಾದ ನಂತರ ರ್ಯಾಲಿಯಲ್ಲಿವೆ,ಸ್ಟ್ರಾಂಗ್ US ಉದ್ಯೋಗಗಳ ಡೇಟಾದಲ್ಲಿ ಏಷ್ಯನ್ ಮಾರುಕಟ್ಟೆಗಳು ಹೆಚ್ಚಿವೆ
"ಉತ್ತರ ಇರಾಕ್‌ನಲ್ಲಿ ಬಾಂಬ್ ದಾಳಿಯಲ್ಲಿ 17 ಮಂದಿ ಸಾವನ್ನಪ್ಪಿದ್ದಾರೆ, 133 ಮಂದಿ ಗಾಯಗೊಂಡಿದ್ದಾರೆ","ಇರಾಕ್‌ನಲ್ಲಿ ನಡೆದ ಹೊಸ ದಾಳಿಯಲ್ಲಿ 15 ಮಂದಿ ಸಾವನ್ನಪ್ಪಿದ್ದಾರೆ, 90 ಮಂದಿ ಗಾಯಗೊಂಡಿದ್ದಾರೆ"
ಭಾರತದಲ್ಲಿ ಅತ್ಯಾಚಾರ ವಿರೋಧಿ ಪ್ರತಿಭಟನೆಯಲ್ಲಿ ಗಾಯಗೊಂಡ ಅಧಿಕಾರಿ ಸಾವು,ಸಾಮೂಹಿಕ ಅತ್ಯಾಚಾರ ಪ್ರತಿಭಟನೆಯಲ್ಲಿ ಗಾಯಗೊಂಡ ಭಾರತೀಯ ಪೋಲೀಸ್ ಸಾವು
"ಸಿರಿಯಾ ಆಡಳಿತವು ಡಮಾಸ್ಕಸ್ ಬಳಿ 5,000 ಜನರನ್ನು ಸ್ಥಳಾಂತರಿಸುವುದಾಗಿ ಹೇಳಿಕೊಂಡಿದೆ",ಸಿರಿಯಾ ಸೇನೆಯು ಡಮಾಸ್ಕಸ್ ಬಳಿ ಮಾಪ್-ಅಪ್ ಕಾರ್ಯಾಚರಣೆಯನ್ನು ಮುಂದುವರೆಸಿದೆ
ಸೈಪ್ರಸ್ ಬೇಲ್ಔಟ್ ಎಚ್ಚರಿಕೆಯ ಮಾರುಕಟ್ಟೆಗಳನ್ನು ಟೀಕಿಸುತ್ತದೆ,ಏಕೆ ಸೈಪ್ರಸ್ ಬೇಲ್ಔಟ್ ಸಾಮಾನ್ಯ ಯೂರೋ ಅಸಂಬದ್ಧತೆಗಿಂತ ಹೆಚ್ಚೇನೂ ಅಲ್ಲ
ಬಣ ಹೆಸರುಗಳು ಬಿಯಾಂಕಾ ಒಜುಕ್ವು ಎಪಿಜಿಎ ರಾಷ್ಟ್ರೀಯ ನಾಯಕ,ಬಿಯಾಂಕಾ ಒಜುಕ್ವು ಎಪಿಜಿಎ ರಾಷ್ಟ್ರೀಯ ನಾಯಕರಾಗುತ್ತಾರೆ
ಸಿರಿಯಾದಲ್ಲಿ ರಾಸಾಯನಿಕ ಶಸ್ತ್ರಾಸ್ತ್ರಗಳ ಬಳಕೆಯನ್ನು US 'ನಿರ್ಣಯವಾಗಿ ನಿರ್ಧರಿಸಲು' ಸಾಧ್ಯವಿಲ್ಲ,ಸಿರಿಯಾದಿಂದ ರಾಸಾಯನಿಕ ಶಸ್ತ್ರಾಸ್ತ್ರಗಳ ಬಳಕೆಯ ಯಾವುದೇ ನಿರ್ಣಾಯಕ ಪುರಾವೆಗಳನ್ನು ಯುಎಸ್ ನೋಡುವುದಿಲ್ಲ
ಬಂದೂಕುಧಾರಿಗಳು ಗ್ರಾಮದ ಮೇಲೆ ದಾಳಿ ನಡೆಸಿದ್ದರಿಂದ ಹನ್ನೆರಡು ಮಂದಿ ಸಾವನ್ನಪ್ಪಿದರು,ಭಾರತದಲ್ಲಿ ನಡೆದ ಸ್ಫೋಟಗಳಲ್ಲಿ ಐವರು ಬಲಿ
ಈಜಿಪ್ಟ್ ಮುಸ್ಲಿಂ ಬ್ರದರ್‌ಹುಡ್ ಪತ್ರಿಕೆಯನ್ನು ಮುಚ್ಚಿದೆ,ಈಜಿಪ್ಟ್: ಮುಸ್ಲಿಂ ಬ್ರದರ್‌ಹುಡ್ ಉಪ ಮುಖ್ಯಸ್ಥನನ್ನು ಬಂಧಿಸಲಾಗಿದೆ
ಪಶ್ಚಿಮ ಚೀನಾದಲ್ಲಿ ಪ್ರಬಲ ಭೂಕಂಪಕ್ಕೆ 47 ಮಂದಿ ಬಲಿ,ಪಶ್ಚಿಮ ಚೀನಾದಲ್ಲಿ ಸಂಭವಿಸಿದ ಪ್ರಬಲ ಭೂಕಂಪದಲ್ಲಿ ಕನಿಷ್ಠ 75 ಮಂದಿ ಸಾವನ್ನಪ್ಪಿದ್ದಾರೆ
ನೊಬೆಲ್ ಪ್ರಶಸ್ತಿ ವಿಜೇತ ಲೇಖಕ ಡೋರಿಸ್ ಲೆಸ್ಸಿಂಗ್ ನಿಧನರಾಗಿದ್ದಾರೆ,ನೊಬೆಲ್ ಪ್ರಶಸ್ತಿ ವಿಜೇತ ಡೋರಿಸ್ ಲೆಸ್ಸಿಂಗ್ 94 ನೇ ವಯಸ್ಸಿನಲ್ಲಿ ನಿಧನರಾದರು
ಆಶ್ರಯ ನೀಡಿದ್ದಕ್ಕಾಗಿ ಸ್ನೋಡೆನ್ ರಷ್ಯಾಕ್ಕೆ ಧನ್ಯವಾದಗಳು,ಆಶ್ರಯ ನೀಡಿದ್ದಕ್ಕಾಗಿ ಸ್ನೋಡೆನ್ ರಷ್ಯಾಕ್ಕೆ ಧನ್ಯವಾದಗಳು
ಫೆಡ್ ಮುಖ್ಯಸ್ಥರಾಗಿ ಯೆಲೆನ್ ಅವರನ್ನು ಸೆನೆಟ್ ದೃಢೀಕರಿಸುತ್ತದೆ,US ಸೆನೆಟ್ ಯೆಲೆನ್‌ರನ್ನು ಫೆಡ್‌ನ ಮುಂದಿನ ಅಧ್ಯಕ್ಷರನ್ನಾಗಿ ದೃಢಪಡಿಸುತ್ತದೆ
ಫ್ರೆಂಚ್ ಪಡೆಗಳು ಪ್ರಮುಖ ಮಾಲಿ ಪಟ್ಟಣವನ್ನು ವಶಪಡಿಸಿಕೊಂಡವು,ಫ್ರೆಂಚ್ ಪಡೆಗಳು ಪ್ರಮುಖ ಪಟ್ಟಣವನ್ನು ವಶಪಡಿಸಿಕೊಂಡವು
"ನಿಕರಾಗುವಾ, ವೆನೆಜುವೆಲಾ ಸ್ನೋಡೆನ್‌ಗೆ ಆಶ್ರಯ ನೀಡುತ್ತವೆ",ಕೇಳಿದರೆ ಸ್ನೋಡೆನ್‌ಗೆ ಆಶ್ರಯ ನೀಡುವುದಾಗಿ ಬೊಲಿವಿಯಾದ ಮೊರೇಲ್ಸ್ ಹೇಳುತ್ತಾರೆ
ಬೋಸ್ಟನ್ ಬಾಂಬ್ ಸ್ಫೋಟದ ಶಂಕಿತನನ್ನು ವರ್ಜೀನಿಯಾದಲ್ಲಿ ಸಮಾಧಿ ಮಾಡಲಾಗಿದೆ,ಬೋಸ್ಟನ್ ಬಾಂಬ್ ಶಂಕಿತನನ್ನು ವರ್ಜೀನಿಯಾ ಸ್ಮಶಾನದಲ್ಲಿ ಸಮಾಧಿ ಮಾಡಲಾಗಿದೆ
ದೊಡ್ಡ ಮತ್ತು ಅತ್ಯಂತ ಅಪಾಯಕಾರಿ' ಸುಂಟರಗಾಳಿ ಒಕ್ಲಹೋಮ ನಗರದ ಕಡೆಗೆ ಹೋಗುತ್ತದೆ,ಒಕ್ಲಹೋಮ ಸಿಟಿ ಪ್ರದೇಶವನ್ನು ಸುಂಟರಗಾಳಿಗಳು ಕೆರಳಿಸಿದ್ದರಿಂದ ಐವರ ಪೈಕಿ ತಾಯಿ ಮತ್ತು ಮಗು ಸಾವನ್ನಪ್ಪಿದ್ದಾರೆ
ಅಲಬಾಮಾ ಸ್ಕೂಲ್ ಬಸ್ ಶೂಟಿಂಗ್ ನಂತರ ಒತ್ತೆಯಾಳು ನಾಟಕ ಎಳೆಯುತ್ತದೆ,"ನೆವಾಡಾ: ಮಿಡ್ಲ್ ಸ್ಕೂಲ್ ಶೂಟಿಂಗ್‌ನಲ್ಲಿ 2 ಸಾವು, 2 ಜನರಿಗೆ ಗಾಯ"
ಪ್ಯಾಲೇಸ್ಟಿನಿಯನ್ ಅಧ್ಯಕ್ಷರು ವೆಸ್ಟ್ ಬ್ಯಾಂಕ್ ಸರ್ಕಾರವನ್ನು ರಚಿಸಲು ಅಕಾಡೆಮಿಕ್ ಅನ್ನು ನಿಯೋಜಿಸುತ್ತಾರೆ,ಪ್ಯಾಲೇಸ್ಟಿನಿಯನ್ ಅಧ್ಯಕ್ಷರು ಇಸ್ರೇಲಿಗಳು ಶಾಂತಿಯ ಬಗ್ಗೆ ಮಾತನಾಡಬೇಕೆಂದು ಬಯಸುತ್ತಾರೆ
"ಪಾಕಿಸ್ತಾನದ ಸ್ಫೋಟದಲ್ಲಿ 5 ಮಂದಿ ಸಾವನ್ನಪ್ಪಿದ್ದಾರೆ, 50 ಮಂದಿ ಗಾಯಗೊಂಡಿದ್ದಾರೆ","ಬೋಸ್ಟನ್ ಸ್ಫೋಟದಲ್ಲಿ 3 ಸಾವು, 138 ಮಂದಿ ಗಾಯಗೊಂಡರು: ಮಾಧ್ಯಮ"
ಪಾಕಿಸ್ತಾನದ ಮಲಾಲಾ ಶಸ್ತ್ರಚಿಕಿತ್ಸೆಗಾಗಿ ಆಸ್ಪತ್ರೆಯಿಂದ ಹೊರಟರು,ಮಲಾಲಾ ಬ್ರಿಟಿಷ್ ಆಸ್ಪತ್ರೆಯನ್ನು ತೊರೆದರು
"ಸಿರಿಯನ್ ರಾಜಧಾನಿಯಲ್ಲಿ ಇಂಟರ್ನೆಟ್, ಫೋನ್ ಸೇವೆಯನ್ನು ಮರುಸ್ಥಾಪಿಸಲಾಗಿದೆ",ಸಿರಿಯಾದಲ್ಲಿ ಇಂಟರ್ನೆಟ್ ಸೇವೆ ಪುನರಾರಂಭವಾಗಿದೆ
ಎಸೆಕ್ಸ್ ಹೋಟೆಲ್‌ನಲ್ಲಿ ಈಜುಕೊಳದಲ್ಲಿ ಇಬ್ಬರು ಶವವಾಗಿ ಪತ್ತೆಯಾಗಿದ್ದಾರೆ,ಪುರುಷ ಮತ್ತು ಮಹಿಳೆ ಎಸ್ಸೆಕ್ಸ್ ಹೋಟೆಲ್ ಈಜುಕೊಳದಲ್ಲಿ ಶವವಾಗಿ ಪತ್ತೆಯಾಗಿದ್ದಾರೆ
ಬಾಂಬ್ ದಾಳಿಯಿಂದ ಬದುಕುಳಿದ ಸಿರಿಯಾ ಪ್ರಧಾನಿ,ರಾಜಧಾನಿಯಲ್ಲಿ ಬಾಂಬ್ ದಾಳಿಯಿಂದ ಪಾರಾದ ಸಿರಿಯಾ ಪ್ರಧಾನಿ
ಶಾವಾಲ್ ಪ್ರದೇಶದಲ್ಲಿ ಅಮೆರಿಕದ ಡ್ರೋನ್ ದಾಳಿಯನ್ನು ಪಾಕಿಸ್ತಾನ ಖಂಡಿಸಿದೆ,ಮಿರಾನ್ಶಾದಲ್ಲಿ ಅಮೆರಿಕದ ಡ್ರೋನ್ ದಾಳಿಯನ್ನು ಪಾಕಿಸ್ತಾನ ಖಂಡಿಸಿದೆ
ನಿವಾಸಿಗಳು ಟೆಕ್ಸಾಸ್ ಸ್ಫೋಟದ ಸ್ಥಳಕ್ಕೆ ಹಿಂತಿರುಗುತ್ತಾರೆ,ನಿವಾಸಿಗಳು ಫಲ್ಲುಜಾಗೆ ಹಿಂತಿರುಗುತ್ತಾರೆ
ನೆಲ್ಸನ್ ಮಂಡೇಲಾಗಾಗಿ ದಕ್ಷಿಣ ಆಫ್ರಿಕಾ ಪ್ರಾರ್ಥಿಸುತ್ತದೆ,ದಕ್ಷಿಣ ಆಫ್ರಿಕಾ ನೆಲ್ಸನ್ ಮಂಡೇಲಾಗಾಗಿ ಪ್ರಾರ್ಥನೆ ಮತ್ತು ಹಾಡಿನಲ್ಲಿ ಒಂದಾಗುತ್ತದೆ
ಇರಾನ್‌ನ ಅಹ್ಮದಿನೆಜಾದ್ ಅವರು ಸಹಾಯಕರೊಂದಿಗೆ ಚುನಾವಣೆಯಲ್ಲಿ ಕಾಣಿಸಿಕೊಂಡ ಆರೋಪವನ್ನು ಎದುರಿಸಬಹುದು,ಅಹ್ಮದಿನೆಜಾದ್ ಅವರು ಚುನಾವಣೆಗೆ ಹಾಜರಾಗುವ ಆರೋಪ ಎದುರಿಸಬಹುದು
ಘರ್ಷಣೆಯಲ್ಲಿ ಕನಿಷ್ಠ 38 ಮೊರ್ಸಿ ಬೆಂಬಲಿಗರು ಸಾವನ್ನಪ್ಪಿದರು,ಈಜಿಪ್ಟ್ ಘರ್ಷಣೆಯಲ್ಲಿ ಹತ್ತಾರು ಮೊರ್ಸಿ ಬೆಂಬಲಿಗರು ಕೊಲ್ಲಲ್ಪಟ್ಟರು
ಕನಿಷ್ಠ ವೇತನವನ್ನು ಬಲಪಡಿಸಲು ಮಿಲಿಬ್ಯಾಂಡ್ ಪ್ರತಿಜ್ಞೆ ಮಾಡುತ್ತದೆ,ವೈಜ್ಞಾನಿಕ ಸಂಶೋಧನಾ ಸಂಬಂಧಗಳನ್ನು ಬಲಪಡಿಸಲು ಪೋರ್ಚುಗಲ್-ಚೀನಾ
ಸಿಂಗಾಪುರದ ಷೇರುಗಳು 0.44% ನಷ್ಟು ಕಡಿಮೆಯಾಗಿದೆ,ಸಿಂಗಾಪುರದ ಷೇರುಗಳು 0.5% ನಷ್ಟು ಹೆಚ್ಚಿವೆ
ಮೇಲ್ಮನವಿಯ ಫಲಿತಾಂಶಕ್ಕಾಗಿ ಸ್ನೈಪರ್ ಕಾಯುತ್ತಿದ್ದಾರೆ,ನವೀಕರಣಕ್ಕಾಗಿ ಶ್ರಮಿಸುತ್ತಿರುವ ಚೀನಾಕ್ಕೆ ಹೊಸ ಕೀರ್ತಿ
US ಸ್ಟಾಕ್ ಫ್ಯೂಚರ್ಸ್ ಉದ್ಯೋಗಗಳ ವರದಿಗಿಂತ ಮುಂಚಿತವಾಗಿ ಎಡ್ಜ್ ಅಪ್,"ಸ್ಟಾಕ್ ಫ್ಯೂಚರ್ಸ್ ಹೆಚ್ಚಿನ ಅಂಚಿನಲ್ಲಿದೆ, ಎಲ್ಲಾ ಕಣ್ಣುಗಳು ಫೆಡ್ ಮೇಲೆ"
ಚೀನಾದ ಷೇರುಗಳು ಬುಧವಾರದಂದು ಕೆಳಮಟ್ಟದಲ್ಲಿವೆ,ಶುಕ್ರವಾರದಂದು ಚೀನಾ ಷೇರುಗಳು ಕೆಳಮಟ್ಟಕ್ಕೆ ಮುಚ್ಚಿದವು
ಆಪಲ್ ಷೇರುಗಳು ಐಫೋನ್ ನಿರಾಶೆಯನ್ನು ತೀವ್ರವಾಗಿ ಹೊಡೆದವು,ಗಳಿಕೆಯ ನಿರಾಶೆಯ ನಂತರ Apple ಸ್ಟಾಕ್ 11% ರಷ್ಟು ಕುಸಿದಿದೆ
EU ಜಿಂಬಾಬ್ವೆ ವಿರುದ್ಧ ನಿರ್ಬಂಧಗಳನ್ನು ನವೀಕರಿಸಿದೆ,EU ಜಿಂಬಾಬ್ವೆ ವಿರುದ್ಧ ವಜ್ರದ ನಿರ್ಬಂಧಗಳನ್ನು ತೆಗೆದುಹಾಕುತ್ತದೆ
ಆಕ್ರಮಿತ ಪ್ಯಾಲೇಸ್ಟಿನಿಯನ್ ಪ್ರದೇಶ: ಪ್ಯಾಲೇಸ್ಟಿನಿಯನ್ನರು US ಶಾಂತಿ ಮಾತುಕತೆಗಳ ನೀಲನಕ್ಷೆಯನ್ನು ನಿರಾಕರಿಸುತ್ತಾರೆ,ಆಕ್ರಮಿತ ಪ್ಯಾಲೇಸ್ಟಿನಿಯನ್ ಪ್ರದೇಶ: ಪ್ಯಾಲೇಸ್ಟಿನಿಯನ್ನರು ಎಲ್ಲಿಯೂ ಹೋಗದ ಮಾರ್ಗವನ್ನು ಎದುರಿಸುತ್ತಾರೆ
"ಬಾಂಗ್ಲಾದೇಶದ ಕಾರ್ಖಾನೆಯ ಬೆಂಕಿಯಲ್ಲಿ ಮಾಲೀಕರು, ಇತರರು ಆರೋಪಿಸಿದ್ದಾರೆ",ಬಾಂಗ್ಲಾದೇಶದ ಕಾರ್ಖಾನೆಯಲ್ಲಿ 50 ಬದುಕುಳಿದವರು ಪತ್ತೆ
ಗಲ್ಫ್ ಹೂಡಿಕೆದಾರರನ್ನು ಸೆಳೆಯಲು ಈಜಿಪ್ಟ್ ಮುಂದಾಗಿದೆ,ಈಜಿಪ್ಟ್ ಹೂಡಿಕೆದಾರರನ್ನು ಸೆಳೆಯಲು ಪ್ರಯತ್ನಿಸುತ್ತದೆ ...
ಸಿರಿಯಾದಲ್ಲಿ ಯುಎಸ್-ರಷ್ಯಾ ಒಪ್ಪಂದಕ್ಕೆ ಬರುತ್ತವೆ,ಸಿರಿಯಾ ಶಸ್ತ್ರಾಸ್ತ್ರಗಳ ಬಗ್ಗೆ ಯುಎಸ್-ರಷ್ಯಾ ಒಪ್ಪಂದಕ್ಕೆ ಬರುತ್ತವೆ
"ಪ್ಯಾಲೆಸ್ಟೀನಿಯನ್ನರು, ಜೋರ್ಡಾನ್ ಶಾಂತಿ ಮಾತುಕತೆಯ ನಿಲುವುಗಳನ್ನು ಸಂಘಟಿಸುತ್ತವೆ","ಹಮಾಸ್ ಹಿರಿಯ ಗಾಜಾವನ್ನು ನಿರಾಕರಿಸುತ್ತಾನೆ, ಶಾಂತಿ ಮಾತುಕತೆಯಲ್ಲಿ ಪಿಎ ಸಂಘಟಿತವಾಗಿದೆ"
ಉದ್ವಿಗ್ನ ಥಾಯ್ ಚುನಾವಣೆಯಲ್ಲಿ ಮೂರು ಪ್ರಾಂತ್ಯಗಳಲ್ಲಿ ಮತದಾನವನ್ನು ರದ್ದುಗೊಳಿಸಲಾಗಿದೆ,ಕಾಂಬೋಡಿಯನ್ ವಿರೋಧವು ಹುನ್ ಸೇನ್ ಚುನಾವಣಾ ಗೆಲುವನ್ನು ತಿರಸ್ಕರಿಸಿದೆ
ಮಿಸ್ ನ್ಯೂಯಾರ್ಕ್ 2013 ರ ಮಿಸ್ ಅಮೇರಿಕಾ ಕಿರೀಟವನ್ನು ಪಡೆದರು,ಮಿಸ್ ನ್ಯೂಯಾರ್ಕ್ ಮಿಸ್ ಅಮೇರಿಕಾ ಕಿರೀಟವನ್ನು ಅಲಂಕರಿಸಿದ್ದಾರೆ
ಪುಟಿನ್ ಜೊತೆಗಿನ ಮಾಸ್ಕೋ ಸಭೆಯನ್ನು ಒಬಾಮಾ ರದ್ದುಗೊಳಿಸಿದರು,ಒಬಾಮಾ ಪುಟಿನ್ ಭೇಟಿಯನ್ನು ರದ್ದುಗೊಳಿಸಿದರು
KLCI ಫ್ಯೂಚರ್ಸ್ ಮಧ್ಯಾಹ್ನದ ಸಮಯದಲ್ಲಿ ಮಿಶ್ರ ವಹಿವಾಟು ನಡೆಸಿತು,ಮಧ್ಯಾಹ್ನದ ವೇಳೆಗೆ ಕೆಎಲ್ ಷೇರುಗಳು ಮಿಶ್ರಗೊಂಡವು
ಶಂಕಿತ ಯುಎಸ್ ಡ್ರೋನ್ ದಾಳಿ ಪಾಕಿಸ್ತಾನದಲ್ಲಿ 5 ಜನರನ್ನು ಕೊಂದಿದೆ,ಯುಎಸ್ ಡ್ರೋನ್ ದಾಳಿಯಲ್ಲಿ ಪಾಕಿಸ್ತಾನದಲ್ಲಿ ಕನಿಷ್ಠ ಹತ್ತು ಮಂದಿ ಸಾವನ್ನಪ್ಪಿದ್ದಾರೆ
ಈಜಿಪ್ಟ್ ಕೋರ್ಟ್ ಮುಬಾರಕ್ ಬಿಡುಗಡೆಗೆ ಆದೇಶ ನೀಡಿದೆ,ಈಜಿಪ್ಟ್ ನ್ಯಾಯಾಲಯವು ಮುಬಾರಕ್ ಬಿಡುಗಡೆಯ ಕೋರಿಕೆಯನ್ನು ತಿರಸ್ಕರಿಸಿತು
ಅವ್ಯವಹಾರದ ಆರೋಪದ ನಂತರ ಹೊಲಾಂಡ್ 'ಕಾನೂನು ಕ್ರಮದ ಬೆದರಿಕೆ',ಫ್ರಾನೋಯಿಸ್ ಹೊಲಾಂಡ್ ಅವರು ಅಫೇರ್ ಕ್ಲೈಮ್‌ಗಳ ಮೇಲೆ ಕಾನೂನು ಕ್ರಮಕ್ಕೆ ಬೆದರಿಕೆ ಹಾಕಿದ್ದಾರೆ
ಇರಾನಿನ ಗಡಿಪಾರುಗಳು ಇರಾಕ್ ಶಿಬಿರದಲ್ಲಿ ಸಾವುಗಳನ್ನು ವರದಿ ಮಾಡುತ್ತವೆ,ಇರಾಕ್‌ನ ಕ್ಯಾಂಪ್ ಅಶ್ರಫ್‌ನಲ್ಲಿ ಕನಿಷ್ಠ 47 ಇರಾನ್ ದೇಶಭ್ರಷ್ಟರು ಕೊಲ್ಲಲ್ಪಟ್ಟರು
ಕೊಲೆ ಆರೋಪದ ವಿವಾದಕ್ಕೆ 'ಬ್ಲೇಡ್ ರನ್ನರ್' ಪಿಸ್ಟೋರಿಯಸ್,ಏಳು ಕೊಲೆ ಯತ್ನ ಆರೋಪದ ಮೇಲೆ ಪಿಸ್ಟೋರಿಯಸ್ ಪೊಲೀಸ್
ನೈಋತ್ಯ ಪಾಕಿಸ್ತಾನದಲ್ಲಿ ಬಾಂಬ್ ಸ್ಫೋಟದಲ್ಲಿ 10 ಸಾವು,ಪಾಕಿಸ್ತಾನದಲ್ಲಿ ಭಾರೀ ಭೂಕಂಪಕ್ಕೆ 39 ಮಂದಿ ಬಲಿ
ಹೆಬ್ರಾನ್ ಬಂಧನ ದಾಳಿಯಲ್ಲಿ ಇಸ್ರೇಲಿ ಪಡೆಗಳು ಇಬ್ಬರನ್ನು ಬಂಧಿಸಿವೆ,ಇರಾನ್ ಪರಮಾಣು ಸವಾಲಿನ ಮೇಲೆ ಇಸ್ರೇಲಿ ವಿಶ್ವಾಸಾರ್ಹತೆ
ಈಜಿಪ್ಟಿನವರು ಇಸ್ಲಾಮಿಸ್ಟ್ ಬೆಂಬಲಿತ ಸಂವಿಧಾನದ ಮೇಲೆ ಮತ ಚಲಾಯಿಸುತ್ತಾರೆ,ಚುನಾವಣೆಯಲ್ಲಿ ನ್ಯಾಯಾಧೀಶರು ಈಜಿಪ್ಟ್ ಸಂವಿಧಾನದ ಮತದಾನದ ಕುರಿತು ಮತದಾರರನ್ನು ನಿರ್ದೇಶಿಸುತ್ತಾರೆ'
ಡೇವಿಡ್ ಕ್ಯಾಮರೂನ್ ಯುದ್ಧ ಅಪರಾಧದ ಆರೋಪಗಳ ಮೇಲೆ ಶ್ರೀಲಂಕಾವನ್ನು ನೋಟಿಸ್‌ಗೆ ಒಳಪಡಿಸಿದರು,ಯುದ್ಧಾಪರಾಧದ ಆರೋಪದ ಬಗ್ಗೆ ಶ್ರೀಲಂಕಾ ಎಚ್ಚರಿಕೆ ನೀಡಿದೆ
ಹಿಂಸಾತ್ಮಕ ಪ್ರತಿಭಟನೆಗಳ ನಡುವೆ ಮೆಕ್ಸಿಕೋ ಅಧ್ಯಕ್ಷರಾಗಿ ಪ್ರಮಾಣ ವಚನ ಸ್ವೀಕರಿಸಿದರು,ನ್ಯೂ ಮೆಕ್ಸಿಕೋದ ಮಾಜಿ ಗವರ್ನರ್ ರಿಚರ್ಡ್‌ಸನ್ ಉತ್ತರ ಕೊರಿಯಾದ ಪರೀಕ್ಷಾ ನಿಷೇಧವನ್ನು ಒತ್ತಾಯಿಸುತ್ತಿದ್ದಾರೆ
ಕೈರೋದಲ್ಲಿ ಮೊರ್ಸಿ ಬೆಂಬಲಿಗರು ಗಲಭೆ ನಿಗ್ರಹ ಪೊಲೀಸರೊಂದಿಗೆ ಘರ್ಷಣೆ ನಡೆಸಿದರು,ಕೀವ್‌ನಲ್ಲಿ ಪ್ರತಿಭಟನಾಕಾರರು ಗಲಭೆ ಪೊಲೀಸರೊಂದಿಗೆ ಘರ್ಷಣೆ ನಡೆಸಿದರು
"ಈಜಿಪ್ಟ್‌ನಾದ್ಯಂತ ನಡೆದ ಘರ್ಷಣೆಯಲ್ಲಿ ನಾಲ್ವರು ಕೊಲ್ಲಲ್ಪಟ್ಟರು, ಹಲವಾರು ಮಂದಿ ಗಾಯಗೊಂಡರು",ಈಜಿಪ್ಟ್ ಹಿಂಸಾಚಾರ: ಕೈರೋದ ಇಸ್ಲಾಮಿಕ್ ವಿಶ್ವವಿದ್ಯಾಲಯದಲ್ಲಿ ಘರ್ಷಣೆಯಲ್ಲಿ ವಿದ್ಯಾರ್ಥಿ ಕೊಲ್ಲಲ್ಪಟ್ಟರು
ಲಂಡನ್‌ನ ರೈಲು ನಿಲ್ದಾಣದ ಬಳಿ ಹೆಲಿಕಾಪ್ಟರ್ ಪತನಗೊಂಡಿದೆ,ಲಂಡನ್ ನಲ್ಲಿ ಹೆಲಿಕಾಪ್ಟರ್ ಪತನ
ಇಂಡೋನೇಷಿಯಾದ ರಾಜಧಾನಿ ಟ್ರಾಫಿಕ್ ಅವ್ಯವಸ್ಥೆಯನ್ನು ತಗ್ಗಿಸಲು ಮೆಟ್ರೋಗಾಗಿ ಪ್ರಾರ್ಥಿಸುತ್ತದೆ,ಟ್ರಾಫಿಕ್ ಅವ್ಯವಸ್ಥೆಯನ್ನು ನಿವಾರಿಸಲು ಜಕಾರ್ತಾ ಮೆಟ್ರೋಗಾಗಿ ಪ್ರಾರ್ಥಿಸುತ್ತದೆ
